date,open,high,low,close,volume,minute_count,session,complete,included,bar_open,bar_end
2015-01-19 09:15:00+05:30,8553.4,8560.75,8552.8,8560.65,,4,regular,False,False,2015-01-19 09:26:00+05:30,2015-01-19 09:30:00+05:30
2015-03-13 09:15:00+05:30,8844.05,8844.05,8808.9,8815.75,,14,regular,False,False,2015-03-13 09:15:00+05:30,2015-03-13 09:30:00+05:30
2015-03-13 09:30:00+05:30,8810.15,8810.15,8810.15,8810.15,,1,regular,False,False,2015-03-13 09:32:00+05:30,2015-03-13 09:33:00+05:30
2015-03-13 09:45:00+05:30,8805.35,8805.35,8794.1,8801.0,,10,regular,False,False,2015-03-13 09:45:00+05:30,2015-03-13 10:00:00+05:30
2015-03-16 09:30:00+05:30,8641.1,8649.15,8637.3,8640.25,,10,regular,False,False,2015-03-16 09:35:00+05:30,2015-03-16 09:45:00+05:30
2015-06-29 11:45:00+05:30,8217.45,8220.15,8212.6,8215.35,,14,regular,False,False,2015-06-29 11:45:00+05:30,2015-06-29 12:00:00+05:30
2015-07-20 11:00:00+05:30,8579.8,8581.15,8574.15,8577.35,,12,regular,False,False,2015-07-20 11:00:00+05:30,2015-07-20 11:13:00+05:30
2015-07-20 11:15:00+05:30,8578.6,8584.0,8578.05,8579.25,,13,regular,False,False,2015-07-20 11:17:00+05:30,2015-07-20 11:30:00+05:30
2015-08-10 09:30:00+05:30,8600.2,8607.55,8594.6,8601.55,,14,regular,False,False,2015-08-10 09:30:00+05:30,2015-08-10 09:45:00+05:30
2015-08-10 10:45:00+05:30,8613.85,8618.4,8605.35,8605.8,,14,regular,False,False,2015-08-10 10:45:00+05:30,2015-08-10 11:00:00+05:30
2015-08-13 09:15:00+05:30,8385.3,8429.15,8371.95,8417.8,,14,regular,False,False,2015-08-13 09:15:00+05:30,2015-08-13 09:30:00+05:30
2015-08-24 09:30:00+05:30,8025.0,8044.35,8023.6,8041.65,,11,regular,False,False,2015-08-24 09:30:00+05:30,2015-08-24 09:45:00+05:30
2015-09-02 09:30:00+05:30,7798.6,7817.55,7779.5,7817.55,,7,regular,False,False,2015-09-02 09:30:00+05:30,2015-09-02 09:42:00+05:30
2015-09-07 13:15:00+05:30,7623.6,7628.45,7619.15,7620.8,,8,regular,False,False,2015-09-07 13:15:00+05:30,2015-09-07 13:30:00+05:30
2015-09-07 13:30:00+05:30,7619.75,7625.85,7616.0,7623.4,,14,regular,False,False,2015-09-07 13:31:00+05:30,2015-09-07 13:45:00+05:30
2015-09-16 14:30:00+05:30,7888.05,7896.2,7882.55,7891.95,,14,regular,False,False,2015-09-16 14:30:00+05:30,2015-09-16 14:45:00+05:30
2015-09-18 10:45:00+05:30,8026.05,8038.05,8023.55,8035.2,,14,regular,False,False,2015-09-18 10:46:00+05:30,2015-09-18 11:00:00+05:30
2015-09-23 13:30:00+05:30,7825.8,7862.55,7821.9,7862.55,,13,regular,False,False,2015-09-23 13:30:00+05:30,2015-09-23 13:45:00+05:30
2015-11-11 17:30:00+05:30,7783.35,7846.3,7748.8,7838.8,,12,evening,False,False,2015-11-11 17:30:00+05:30,2015-11-11 17:42:00+05:30
2015-12-22 10:15:00+05:30,7823.35,7830.65,7823.35,7825.75,,8,regular,False,False,2015-12-22 10:15:00+05:30,2015-12-22 10:23:00+05:30
2015-12-22 10:30:00+05:30,7826.6,7827.4,7824.0,7825.15,,4,regular,False,False,2015-12-22 10:41:00+05:30,2015-12-22 10:45:00+05:30
2017-02-21 11:00:00+05:30,8871.9,8872.15,8867.95,8868.0,,2,regular,False,False,2017-02-21 11:00:00+05:30,2017-02-21 11:02:00+05:30
2017-02-21 11:30:00+05:30,8872.5,8875.5,8871.45,8875.45,,4,regular,False,False,2017-02-21 11:41:00+05:30,2017-02-21 11:45:00+05:30
2019-04-18 12:30:00+05:30,11754.75,11763.45,11753.25,11761.9,,12,regular,False,False,2019-04-18 12:33:00+05:30,2019-04-18 12:45:00+05:30
2019-08-02 13:45:00+05:30,11005.45,11040.3,10992.6,11026.9,,14,regular,False,False,2019-08-02 13:45:00+05:30,2019-08-02 13:59:00+05:30
2019-09-18 13:30:00+05:30,10851.5,10859.25,10825.2,10840.85,,14,regular,False,False,2019-09-18 13:30:00+05:30,2019-09-18 13:45:00+05:30
2019-09-23 15:15:00+05:30,11590.35,11603.3,11582.15,11595.5,,1,regular,False,False,2019-09-23 15:29:00+05:30,2019-09-23 15:30:00+05:30
2020-02-13 10:30:00+05:30,12153.25,12159.2,12152.0,12156.2,,14,regular,False,False,2020-02-13 10:30:00+05:30,2020-02-13 10:45:00+05:30
2020-03-04 11:30:00+05:30,11256.15,11267.55,11250.65,11252.75,,14,regular,False,False,2020-03-04 11:30:00+05:30,2020-03-04 11:45:00+05:30
2020-08-27 12:15:00+05:30,11601.9,11609.35,11597.65,11606.4,,13,regular,False,False,2020-08-27 12:15:00+05:30,2020-08-27 12:28:00+05:30
2020-11-02 15:00:00+05:30,11707.7,11714.2,11652.7,11656.65,,14,regular,False,False,2020-11-02 15:00:00+05:30,2020-11-02 15:15:00+05:30
2021-02-24 10:00:00+05:30,14780.35,14821.95,14776.25,14820.45,,9,regular,False,False,2021-02-24 10:00:00+05:30,2021-02-24 10:09:00+05:30
2021-12-20 14:45:00+05:30,16547.8,16586.2,16537.7,16576.55,,14,regular,False,False,2021-12-20 14:45:00+05:30,2021-12-20 15:00:00+05:30
2022-03-07 10:15:00+05:30,15785.4,15886.45,15760.2,15795.4,,12,regular,False,False,2022-03-07 10:15:00+05:30,2022-03-07 10:30:00+05:30
2023-06-05 13:30:00+05:30,18613.05,18616.3,18607.55,18610.1,,14,regular,False,False,2023-06-05 13:30:00+05:30,2023-06-05 13:45:00+05:30
2023-06-14 12:30:00+05:30,18741.2,18747.3,18737.45,18745.3,,11,regular,False,False,2023-06-14 12:30:00+05:30,2023-06-14 12:41:00+05:30
2023-06-14 12:45:00+05:30,18745.0,18748.3,18740.65,18741.95,,12,regular,False,False,2023-06-14 12:48:00+05:30,2023-06-14 13:00:00+05:30
2023-07-12 14:45:00+05:30,19445.75,19457.05,19438.35,19438.35,,14,regular,False,False,2023-07-12 14:45:00+05:30,2023-07-12 15:00:00+05:30
2023-07-24 12:45:00+05:30,19731.65,19761.4,19731.15,19761.0,,12,regular,False,False,2023-07-24 12:45:00+05:30,2023-07-24 13:00:00+05:30
2023-08-07 15:15:00+05:30,19598.0,19605.0,19592.95,19597.95,,14,regular,False,False,2023-08-07 15:15:00+05:30,2023-08-07 15:30:00+05:30
2024-04-23 10:45:00+05:30,22376.1,22385.35,22355.85,22381.6,,9,regular,False,False,2024-04-23 10:45:00+05:30,2024-04-23 11:00:00+05:30
