date,equity,cash,quantity
2015-01-09 09:15:00+05:30,100000.0,100000.0,0.0
2015-01-09 09:30:00+05:30,100000.0,100000.0,0.0
2015-01-09 09:45:00+05:30,100000.0,100000.0,0.0
2015-01-09 10:00:00+05:30,100000.0,100000.0,0.0
2015-01-09 10:15:00+05:30,100000.0,100000.0,0.0
2015-01-09 10:30:00+05:30,100000.0,100000.0,0.0
2015-01-09 10:45:00+05:30,100000.0,100000.0,0.0
2015-01-09 11:00:00+05:30,100000.0,100000.0,0.0
2015-01-09 11:15:00+05:30,100000.0,100000.0,0.0
2015-01-09 11:30:00+05:30,100000.0,100000.0,0.0
2015-01-09 11:45:00+05:30,100000.0,100000.0,0.0
2015-01-09 12:00:00+05:30,100000.0,100000.0,0.0
2015-01-09 12:15:00+05:30,100000.0,100000.0,0.0
2015-01-09 12:30:00+05:30,100000.0,100000.0,0.0
2015-01-09 12:45:00+05:30,100000.0,100000.0,0.0
2015-01-09 13:00:00+05:30,100000.0,100000.0,0.0
2015-01-09 13:15:00+05:30,100000.0,100000.0,0.0
2015-01-09 13:30:00+05:30,100000.0,100000.0,0.0
2015-01-09 13:45:00+05:30,100000.0,100000.0,0.0
2015-01-09 14:00:00+05:30,100000.0,100000.0,0.0
2015-01-09 14:15:00+05:30,100000.0,100000.0,0.0
2015-01-09 14:30:00+05:30,100000.0,100000.0,0.0
2015-01-09 14:45:00+05:30,100000.0,100000.0,0.0
2015-01-09 15:00:00+05:30,100000.0,100000.0,0.0
2015-01-09 15:15:00+05:30,100000.0,100000.0,0.0
2015-01-12 09:15:00+05:30,100000.0,100000.0,0.0
2015-01-12 09:30:00+05:30,100000.0,100000.0,0.0
2015-01-12 09:45:00+05:30,100000.0,100000.0,0.0
2015-01-12 10:00:00+05:30,100000.0,100000.0,0.0
2015-01-12 10:15:00+05:30,100000.0,100000.0,0.0
2015-01-12 10:30:00+05:30,100000.0,100000.0,0.0
2015-01-12 10:45:00+05:30,100000.0,100000.0,0.0
2015-01-12 11:00:00+05:30,100000.0,100000.0,0.0
2015-01-12 11:15:00+05:30,100000.0,100000.0,0.0
2015-01-12 11:30:00+05:30,100000.0,100000.0,0.0
2015-01-12 11:45:00+05:30,100000.0,100000.0,0.0
2015-01-12 12:00:00+05:30,100000.0,100000.0,0.0
2015-01-12 12:15:00+05:30,100000.0,100000.0,0.0
2015-01-12 12:30:00+05:30,100000.0,100000.0,0.0
2015-01-12 12:45:00+05:30,100000.0,100000.0,0.0
2015-01-12 13:00:00+05:30,100000.0,100000.0,0.0
2015-01-12 13:15:00+05:30,100000.0,100000.0,0.0
2015-01-12 13:30:00+05:30,100000.0,100000.0,0.0
2015-01-12 13:45:00+05:30,100000.0,100000.0,0.0
2015-01-12 14:00:00+05:30,100000.0,100000.0,0.0
2015-01-12 14:15:00+05:30,100000.0,100000.0,0.0
2015-01-12 14:30:00+05:30,100000.0,100000.0,0.0
2015-01-12 14:45:00+05:30,100000.0,100000.0,0.0
2015-01-12 15:00:00+05:30,100000.0,100000.0,0.0
2015-01-12 15:15:00+05:30,100000.0,100000.0,0.0
2015-01-13 09:15:00+05:30,100000.0,100000.0,0.0
2015-01-13 09:30:00+05:30,100000.0,100000.0,0.0
2015-01-13 09:45:00+05:30,100000.0,100000.0,0.0
2015-01-13 10:00:00+05:30,100000.0,100000.0,0.0
2015-01-13 10:15:00+05:30,100000.0,100000.0,0.0
2015-01-13 10:30:00+05:30,100000.0,100000.0,0.0
2015-01-13 10:45:00+05:30,100000.0,100000.0,0.0
2015-01-13 11:00:00+05:30,100000.0,100000.0,0.0
2015-01-13 11:15:00+05:30,100000.0,100000.0,0.0
2015-01-13 11:30:00+05:30,100000.0,100000.0,0.0
2015-01-13 11:45:00+05:30,100000.0,100000.0,0.0
2015-01-13 12:00:00+05:30,100000.0,100000.0,0.0
2015-01-13 12:15:00+05:30,100000.0,100000.0,0.0
2015-01-13 12:30:00+05:30,100000.0,100000.0,0.0
2015-01-13 12:45:00+05:30,100000.0,100000.0,0.0
2015-01-13 13:00:00+05:30,100000.0,100000.0,0.0
2015-01-13 13:15:00+05:30,100000.0,100000.0,0.0
2015-01-13 13:30:00+05:30,100000.0,100000.0,0.0
2015-01-13 13:45:00+05:30,100000.0,100000.0,0.0
2015-01-13 14:00:00+05:30,100000.0,100000.0,0.0
2015-01-13 14:15:00+05:30,100000.0,100000.0,0.0
2015-01-13 14:30:00+05:30,100000.0,100000.0,0.0
2015-01-13 14:45:00+05:30,100000.0,100000.0,0.0
2015-01-13 15:00:00+05:30,100000.0,100000.0,0.0
2015-01-13 15:15:00+05:30,100000.0,100000.0,0.0
2015-01-14 09:15:00+05:30,100000.0,100000.0,0.0
2015-01-14 09:30:00+05:30,100000.0,100000.0,0.0
2015-01-14 09:45:00+05:30,100000.0,100000.0,0.0
2015-01-14 10:00:00+05:30,100000.0,100000.0,0.0
2015-01-14 10:15:00+05:30,100000.0,100000.0,0.0
2015-01-14 10:30:00+05:30,100000.0,100000.0,0.0
2015-01-14 10:45:00+05:30,100000.0,100000.0,0.0
2015-01-14 11:00:00+05:30,100000.0,100000.0,0.0
2015-01-14 11:15:00+05:30,100000.0,100000.0,0.0
2015-01-14 11:30:00+05:30,100000.0,100000.0,0.0
2015-01-14 11:45:00+05:30,100000.0,100000.0,0.0
2015-01-14 12:00:00+05:30,100000.0,100000.0,0.0
2015-01-14 12:15:00+05:30,100000.0,100000.0,0.0
2015-01-14 12:30:00+05:30,100000.0,100000.0,0.0
2015-01-14 12:45:00+05:30,100000.0,100000.0,0.0
2015-01-14 13:00:00+05:30,100000.0,100000.0,0.0
2015-01-14 13:15:00+05:30,100000.0,100000.0,0.0
2015-01-14 13:30:00+05:30,100000.0,100000.0,0.0
2015-01-14 13:45:00+05:30,100000.0,100000.0,0.0
2015-01-14 14:00:00+05:30,100000.0,100000.0,0.0
2015-01-14 14:15:00+05:30,100000.0,100000.0,0.0
2015-01-14 14:30:00+05:30,100000.0,100000.0,0.0
2015-01-14 14:45:00+05:30,100000.0,100000.0,0.0
2015-01-14 15:00:00+05:30,100000.0,100000.0,0.0
2015-01-14 15:15:00+05:30,100000.0,100000.0,0.0
2015-01-15 09:15:00+05:30,100000.0,100000.0,0.0
2015-01-15 09:30:00+05:30,100000.0,100000.0,0.0
2015-01-15 09:45:00+05:30,100000.0,100000.0,0.0
2015-01-15 10:00:00+05:30,100000.0,100000.0,0.0
2015-01-15 10:15:00+05:30,100000.0,100000.0,0.0
2015-01-15 10:30:00+05:30,100000.0,100000.0,0.0
2015-01-15 10:45:00+05:30,100000.0,100000.0,0.0
2015-01-15 11:00:00+05:30,100000.0,100000.0,0.0
2015-01-15 11:15:00+05:30,100000.0,100000.0,0.0
2015-01-15 11:30:00+05:30,100000.0,100000.0,0.0
2015-01-15 11:45:00+05:30,100000.0,100000.0,0.0
2015-01-15 12:00:00+05:30,100000.0,100000.0,0.0
2015-01-15 12:15:00+05:30,100000.0,100000.0,0.0
2015-01-15 12:30:00+05:30,100000.0,100000.0,0.0
2015-01-15 12:45:00+05:30,100000.0,100000.0,0.0
2015-01-15 13:00:00+05:30,100000.0,100000.0,0.0
2015-01-15 13:15:00+05:30,100000.0,100000.0,0.0
2015-01-15 13:30:00+05:30,100000.0,100000.0,0.0
2015-01-15 13:45:00+05:30,100000.0,100000.0,0.0
2015-01-15 14:00:00+05:30,100000.0,100000.0,0.0
2015-01-15 14:15:00+05:30,100000.0,100000.0,0.0
2015-01-15 14:30:00+05:30,100000.0,100000.0,0.0
2015-01-15 14:45:00+05:30,100000.0,100000.0,0.0
2015-01-15 15:00:00+05:30,100000.0,100000.0,0.0
2015-01-15 15:15:00+05:30,100000.0,100000.0,0.0
2015-01-19 09:30:00+05:30,100000.0,100000.0,0.0
2015-01-19 09:45:00+05:30,100000.0,100000.0,0.0
2015-01-19 10:00:00+05:30,100000.0,100000.0,0.0
2015-01-19 10:15:00+05:30,100000.0,100000.0,0.0
2015-01-19 10:30:00+05:30,100000.0,100000.0,0.0
2015-01-19 10:45:00+05:30,100000.0,100000.0,0.0
2015-01-19 11:00:00+05:30,100000.0,100000.0,0.0
2015-01-19 11:15:00+05:30,100000.0,100000.0,0.0
2015-01-19 11:30:00+05:30,100000.0,100000.0,0.0
2015-01-19 11:45:00+05:30,100000.0,100000.0,0.0
2015-01-19 12:00:00+05:30,100000.0,100000.0,0.0
2015-01-19 12:15:00+05:30,100000.0,100000.0,0.0
2015-01-19 12:30:00+05:30,100000.0,100000.0,0.0
2015-01-19 12:45:00+05:30,100000.0,100000.0,0.0
2015-01-19 13:00:00+05:30,100000.0,100000.0,0.0
2015-01-19 13:15:00+05:30,100000.0,100000.0,0.0
2015-01-19 13:30:00+05:30,100000.0,100000.0,0.0
2015-01-19 13:45:00+05:30,100000.0,100000.0,0.0
2015-01-19 14:00:00+05:30,99932.522767349,0.024999999994179234,11.668155100658998
2015-01-19 14:15:00+05:30,99859.59679796989,0.024999999994179234,11.668155100658998
2015-01-19 14:30:00+05:30,99840.92774980885,0.024999999994179234,11.668155100658998
2015-01-19 14:45:00+05:30,99781.42015879549,0.024999999994179234,11.668155100658998
2015-01-19 15:00:00+05:30,99779.66993553039,0.024999999994179234,11.668155100658998
2015-01-19 15:15:00+05:30,99766.25155716462,0.024999999994179234,11.668155100658998
2015-01-20 09:15:00+05:30,100165.88586936219,0.024999999994179234,11.668155100658998
2015-01-20 09:30:00+05:30,100259.81451792251,0.024999999994179234,11.668155100658998
2015-01-20 09:45:00+05:30,100240.56206200643,0.024999999994179234,11.668155100658998
2015-01-20 10:00:00+05:30,100326.32300199625,0.024999999994179234,11.668155100658998
2015-01-20 10:15:00+05:30,100288.98490567415,0.024999999994179234,11.668155100658998
2015-01-20 10:30:00+05:30,100328.65663301639,0.024999999994179234,11.668155100658998
2015-01-20 10:45:00+05:30,100356.07679750294,0.024999999994179234,11.668155100658998
2015-01-20 11:00:00+05:30,100337.40774934189,0.024999999994179234,11.668155100658998
2015-01-20 11:15:00+05:30,100307.65395383521,0.024999999994179234,11.668155100658998
2015-01-20 11:30:00+05:30,100310.57099261037,0.024999999994179234,11.668155100658998
2015-01-20 11:45:00+05:30,100408.00008770086,0.024999999994179234,11.668155100658998
2015-01-20 12:00:00+05:30,100391.66467055994,0.024999999994179234,11.668155100658998
2015-01-20 12:15:00+05:30,100524.68163870745,0.024999999994179234,11.668155100658998
2015-01-20 12:30:00+05:30,100632.61207338855,0.024999999994179234,11.668155100658998
2015-01-20 12:45:00+05:30,100540.43364809334,0.024999999994179234,11.668155100658998
2015-01-20 13:00:00+05:30,100631.4452578785,0.024999999994179234,11.668155100658998
2015-01-20 13:15:00+05:30,100650.11430603954,0.024999999994179234,11.668155100658998
2015-01-20 13:30:00+05:30,100831.5541178548,0.024999999994179234,11.668155100658998
2015-01-20 13:45:00+05:30,100876.47651499233,0.024999999994179234,11.668155100658998
2015-01-20 14:00:00+05:30,100983.24013416337,0.024999999994179234,11.668155100658998
2015-01-20 14:15:00+05:30,101092.33738435453,0.024999999994179234,11.668155100658998
2015-01-20 14:30:00+05:30,101305.28121494155,0.024999999994179234,11.668155100658998
2015-01-20 14:45:00+05:30,101424.87980472331,0.024999999994179234,11.668155100658998
2015-01-20 15:00:00+05:30,101394.5426014616,0.024999999994179234,11.668155100658998
2015-01-20 15:15:00+05:30,101410.87801860251,0.024999999994179234,11.668155100658998
2015-01-21 09:15:00+05:30,101701.41508060892,0.024999999994179234,11.668155100658998
2015-01-21 09:30:00+05:30,101864.18584426312,0.024999999994179234,11.668155100658998
2015-01-21 09:45:00+05:30,101937.11181364223,0.024999999994179234,11.668155100658998
2015-01-21 10:00:00+05:30,101696.74781856866,0.024999999994179234,11.668155100658998
2015-01-21 10:15:00+05:30,101840.8495340618,0.024999999994179234,11.668155100658998
2015-01-21 10:30:00+05:30,101725.9182063203,0.024999999994179234,11.668155100658998
2015-01-21 10:45:00+05:30,101555.56314185068,0.024999999994179234,11.668155100658998
2015-01-21 11:00:00+05:30,101565.48107368624,0.024999999994179234,11.668155100658998
2015-01-21 11:15:00+05:30,101641.90748959556,0.024999999994179234,11.668155100658998
2015-01-21 11:30:00+05:30,101605.15280102848,0.024999999994179234,11.668155100658998
2015-01-21 11:45:00+05:30,101735.83613815586,0.024999999994179234,11.668155100658998
2015-01-21 12:00:00+05:30,101749.25451652163,0.024999999994179234,11.668155100658998
2015-01-21 12:15:00+05:30,101781.34194304844,0.024999999994179234,11.668155100658998
2015-01-21 12:30:00+05:30,101746.33747774646,0.024999999994179234,11.668155100658998
2015-01-21 12:45:00+05:30,101690.33033326331,0.024999999994179234,11.668155100658998
2015-01-21 13:00:00+05:30,101744.00384672632,0.024999999994179234,11.668155100658998
2015-01-21 13:15:00+05:30,101725.33479856528,0.024999999994179234,11.668155100658998
2015-01-21 13:30:00+05:30,101839.68271855173,0.024999999994179234,11.668155100658998
2015-01-21 13:45:00+05:30,101809.92892304505,0.024999999994179234,11.668155100658998
2015-01-21 14:00:00+05:30,101691.49714877336,0.024999999994179234,11.668155100658998
2015-01-21 14:15:00+05:30,101629.07251898485,0.024999999994179234,11.668155100658998
2015-01-21 14:30:00+05:30,101758.58904060214,0.024999999994179234,11.668155100658998
2015-01-21 14:45:00+05:30,101781.34194304844,0.024999999994179234,11.668155100658998
2015-01-21 15:00:00+05:30,101871.18673732351,0.024999999994179234,11.668155100658998
2015-01-21 15:15:00+05:30,101840.26612630676,0.024999999994179234,11.668155100658998
2015-01-22 09:15:00+05:30,101997.78622016565,0.024999999994179234,11.668155100658998
2015-01-22 09:30:00+05:30,102150.63905198428,0.024999999994179234,11.668155100658998
2015-01-22 09:45:00+05:30,102219.48116707818,0.024999999994179234,11.668155100658998
2015-01-22 10:00:00+05:30,102236.98339972916,0.024999999994179234,11.668155100658998
2015-01-22 10:15:00+05:30,102293.57395196737,0.024999999994179234,11.668155100658998
2015-01-22 10:30:00+05:30,102308.15914584318,0.024999999994179234,11.668155100658998
2015-01-22 10:45:00+05:30,102129.05296504806,0.024999999994179234,11.668155100658998
2015-01-22 11:00:00+05:30,102151.22245973934,0.024999999994179234,11.668155100658998
2015-01-22 11:15:00+05:30,102158.80676055475,0.024999999994179234,11.668155100658998
2015-01-22 11:30:00+05:30,102221.23139034328,0.024999999994179234,11.668155100658998
2015-01-22 11:45:00+05:30,102223.5650213634,0.024999999994179234,11.668155100658998
2015-01-22 12:00:00+05:30,102194.9780413668,0.024999999994179234,11.668155100658998
2015-01-22 12:15:00+05:30,102123.80229525278,0.024999999994179234,11.668155100658998
2015-01-22 12:30:00+05:30,102156.47312953461,0.024999999994179234,11.668155100658998
2015-01-22 12:45:00+05:30,102056.71040342399,0.024999999994179234,11.668155100658998
2015-01-22 13:00:00+05:30,102057.29381117901,0.024999999994179234,11.668155100658998
2015-01-22 13:15:00+05:30,102084.71397566557,0.024999999994179234,11.668155100658998
2015-01-22 13:30:00+05:30,102078.29649036021,0.024999999994179234,11.668155100658998
2015-01-22 13:45:00+05:30,102016.45526832671,0.024999999994179234,11.668155100658998
2015-01-22 14:00:00+05:30,101925.44365854158,0.024999999994179234,11.668155100658998
2015-01-22 14:15:00+05:30,101870.98225290536,101870.98225290536,0.0
2015-01-22 14:30:00+05:30,101870.98225290536,101870.98225290536,0.0
2015-01-22 14:45:00+05:30,101870.98225290536,101870.98225290536,0.0
2015-01-22 15:00:00+05:30,101870.98225290536,101870.98225290536,0.0
2015-01-22 15:15:00+05:30,101870.98225290536,101870.98225290536,0.0
2015-01-23 09:15:00+05:30,101870.98225290536,101870.98225290536,0.0
2015-01-23 09:30:00+05:30,101876.42934017115,0.025467745566857047,11.501451152378786
2015-01-23 09:45:00+05:30,101829.848463004,0.025467745566857047,11.501451152378786
2015-01-23 10:00:00+05:30,101715.40902403784,0.025467745566857047,11.501451152378786
2015-01-23 10:15:00+05:30,101372.09070713933,0.025467745566857047,11.501451152378786
2015-01-23 10:30:00+05:30,101423.2721647674,0.025467745566857047,11.501451152378786
2015-01-23 10:45:00+05:30,101290.43040395745,0.025467745566857047,11.501451152378786
2015-01-23 11:00:00+05:30,101283.52953326602,0.025467745566857047,11.501451152378786
2015-01-23 11:15:00+05:30,101271.45300955602,0.025467745566857047,11.501451152378786
2015-01-23 11:30:00+05:30,101315.73359649269,0.025467745566857047,11.501451152378786
2015-01-23 11:45:00+05:30,101383.01708573409,0.025467745566857047,11.501451152378786
2015-01-23 12:00:00+05:30,101301.35678255222,0.025467745566857047,11.501451152378786
2015-01-23 12:15:00+05:30,101346.78751460409,0.025467745566857047,11.501451152378786
2015-01-23 12:30:00+05:30,101358.8640383141,0.025467745566857047,11.501451152378786
2015-01-23 12:45:00+05:30,101382.44201317648,0.025467745566857047,11.501451152378786
2015-01-23 13:00:00+05:30,101470.42811449217,0.025467745566857047,11.501451152378786
2015-01-23 13:15:00+05:30,101489.98058145122,0.025467745566857047,11.501451152378786
2015-01-23 13:30:00+05:30,101328.38519276028,0.025467745566857047,11.501451152378786
2015-01-23 13:45:00+05:30,101273.69751774841,101273.69751774841,0.0
2015-01-23 14:00:00+05:30,101273.69751774841,101273.69751774841,0.0
2015-01-23 14:15:00+05:30,101273.69751774841,101273.69751774841,0.0
2015-01-23 14:30:00+05:30,101273.69751774841,101273.69751774841,0.0
2015-01-23 14:45:00+05:30,101273.69751774841,101273.69751774841,0.0
2015-01-23 15:00:00+05:30,101273.69751774841,101273.69751774841,0.0
2015-01-23 15:15:00+05:30,101273.69751774841,101273.69751774841,0.0
2015-01-27 09:15:00+05:30,101273.69751774841,101273.69751774841,0.0
2015-01-27 09:30:00+05:30,101273.69751774841,101273.69751774841,0.0
2015-01-27 09:45:00+05:30,101273.69751774841,101273.69751774841,0.0
2015-01-27 10:00:00+05:30,101188.80136546287,0.025318424362922087,11.428207317014165
2015-01-27 10:15:00+05:30,101210.51495936522,0.025318424362922087,11.428207317014165
2015-01-27 10:30:00+05:30,101143.08853619482,0.025318424362922087,11.428207317014165
2015-01-27 10:45:00+05:30,101131.6603288778,0.025318424362922087,11.428207317014165
2015-01-27 11:00:00+05:30,101107.08968314623,0.025318424362922087,11.428207317014165
2015-01-27 11:15:00+05:30,101065.94813680497,0.025318424362922087,11.428207317014165
2015-01-27 11:30:00+05:30,100997.37889290288,0.025318424362922087,11.428207317014165
2015-01-27 11:45:00+05:30,100942.52349778122,0.025318424362922087,11.428207317014165
2015-01-27 12:00:00+05:30,100950.52324290315,0.025318424362922087,11.428207317014165
2015-01-27 12:15:00+05:30,101067.09095753668,0.025318424362922087,11.428207317014165
2015-01-27 12:30:00+05:30,101051.09146729286,0.025318424362922087,11.428207317014165
2015-01-27 12:45:00+05:30,100983.09363375662,0.025318424362922087,11.428207317014165
2015-01-27 13:00:00+05:30,101141.94571546314,0.025318424362922087,11.428207317014165
2015-01-27 13:15:00+05:30,101117.37506973154,0.025318424362922087,11.428207317014165
2015-01-27 13:30:00+05:30,101151.08828131674,0.025318424362922087,11.428207317014165
2015-01-27 13:45:00+05:30,101133.37455997537,0.025318424362922087,11.428207317014165
2015-01-27 14:00:00+05:30,101152.80251241429,0.025318424362922087,11.428207317014165
2015-01-27 14:15:00+05:30,101393.36627643745,0.025318424362922087,11.428207317014165
2015-01-27 14:30:00+05:30,101523.6478398514,0.025318424362922087,11.428207317014165
2015-01-27 14:45:00+05:30,101662.50055875312,0.025318424362922087,11.428207317014165
2015-01-27 15:00:00+05:30,101888.20765326415,0.025318424362922087,11.428207317014165
2015-01-27 15:15:00+05:30,101759.0689105819,0.025318424362922087,11.428207317014165
2015-01-28 09:15:00+05:30,101764.7830142404,0.025318424362922087,11.428207317014165
2015-01-28 09:30:00+05:30,101596.21695631444,0.025318424362922087,11.428207317014165
2015-01-28 09:45:00+05:30,101744.21224106976,0.025318424362922087,11.428207317014165
2015-01-28 10:00:00+05:30,101815.63853680111,0.025318424362922087,11.428207317014165
2015-01-28 10:15:00+05:30,101781.92532521593,0.025318424362922087,11.428207317014165
2015-01-28 10:30:00+05:30,101700.21364289925,0.025318424362922087,11.428207317014165
2015-01-28 10:45:00+05:30,101880.7793185081,0.025318424362922087,11.428207317014165
2015-01-28 11:00:00+05:30,102031.06024472683,0.025318424362922087,11.428207317014165
2015-01-28 11:15:00+05:30,102364.76389838365,0.025318424362922087,11.428207317014165
2015-01-28 11:30:00+05:30,102337.3362008228,0.025318424362922087,11.428207317014165
2015-01-28 11:45:00+05:30,102334.47914899355,0.025318424362922087,11.428207317014165
2015-01-28 12:00:00+05:30,102343.05030448131,0.025318424362922087,11.428207317014165
2015-01-28 12:15:00+05:30,102589.32817216298,0.025318424362922087,11.428207317014165
2015-01-28 12:30:00+05:30,102215.05438253075,0.025318424362922087,11.428207317014165
2015-01-28 12:45:00+05:30,102033.34588619023,0.025318424362922087,11.428207317014165
2015-01-28 13:00:00+05:30,102039.05998984874,0.025318424362922087,11.428207317014165
2015-01-28 13:15:00+05:30,101852.20880021555,0.025318424362922087,11.428207317014165
2015-01-28 13:30:00+05:30,101807.06738131335,0.025318424362922087,11.428207317014165
2015-01-28 13:45:00+05:30,101720.78441606989,0.025318424362922087,11.428207317014165
2015-01-28 14:00:00+05:30,101668.21066253907,101668.21066253907,0.0
2015-01-28 14:15:00+05:30,101668.21066253907,101668.21066253907,0.0
2015-01-28 14:30:00+05:30,101668.21066253907,101668.21066253907,0.0
2015-01-28 14:45:00+05:30,101668.21066253907,101668.21066253907,0.0
2015-01-28 15:00:00+05:30,101668.21066253907,101668.21066253907,0.0
2015-01-28 15:15:00+05:30,101668.21066253907,101668.21066253907,0.0
2015-01-29 09:15:00+05:30,101668.21066253907,101668.21066253907,0.0
2015-01-29 09:30:00+05:30,101668.21066253907,101668.21066253907,0.0
2015-01-29 09:45:00+05:30,101668.21066253907,101668.21066253907,0.0
2015-01-29 10:00:00+05:30,101668.21066253907,101668.21066253907,0.0
2015-01-29 10:15:00+05:30,101668.21066253907,101668.21066253907,0.0
2015-01-29 10:30:00+05:30,101668.21066253907,101668.21066253907,0.0
2015-01-29 10:45:00+05:30,101668.21066253907,101668.21066253907,0.0
2015-01-29 11:00:00+05:30,101668.21066253907,101668.21066253907,0.0
2015-01-29 11:15:00+05:30,101668.21066253907,101668.21066253907,0.0
2015-01-29 11:30:00+05:30,101668.21066253907,101668.21066253907,0.0
2015-01-29 11:45:00+05:30,101668.21066253907,101668.21066253907,0.0
2015-01-29 12:00:00+05:30,101668.21066253907,101668.21066253907,0.0
2015-01-29 12:15:00+05:30,101668.21066253907,101668.21066253907,0.0
2015-01-29 12:30:00+05:30,101668.21066253907,101668.21066253907,0.0
2015-01-29 12:45:00+05:30,101668.21066253907,101668.21066253907,0.0
2015-01-29 13:00:00+05:30,101668.21066253907,101668.21066253907,0.0
2015-01-29 13:15:00+05:30,101668.21066253907,101668.21066253907,0.0
2015-01-29 13:30:00+05:30,101668.21066253907,101668.21066253907,0.0
2015-01-29 13:45:00+05:30,101668.21066253907,101668.21066253907,0.0
2015-01-29 14:00:00+05:30,101668.21066253907,101668.21066253907,0.0
2015-01-29 14:15:00+05:30,101668.21066253907,101668.21066253907,0.0
2015-01-29 14:30:00+05:30,101668.21066253907,101668.21066253907,0.0
2015-01-29 14:45:00+05:30,101668.21066253907,101668.21066253907,0.0
2015-01-29 15:00:00+05:30,101668.21066253907,101668.21066253907,0.0
2015-01-29 15:15:00+05:30,101573.70924306675,0.02541705266048666,11.348761349021707
2015-01-30 09:15:00+05:30,101561.22560558282,0.02541705266048666,11.348761349021707
2015-01-30 09:30:00+05:30,101469.30063865574,0.02541705266048666,11.348761349021707
2015-01-30 09:45:00+05:30,101293.3948377459,0.02541705266048666,11.348761349021707
2015-01-30 10:00:00+05:30,101294.52971388081,0.02541705266048666,11.348761349021707
2015-01-30 10:15:00+05:30,101388.15699501024,0.02541705266048666,11.348761349021707
2015-01-30 10:30:00+05:30,101224.16739351687,0.02541705266048666,11.348761349021707
2015-01-30 10:45:00+05:30,101055.07084941646,0.02541705266048666,11.348761349021707
2015-01-30 11:00:00+05:30,100997.17032017086,100997.17032017086,0.0
2015-01-30 11:15:00+05:30,100997.17032017086,100997.17032017086,0.0
2015-01-30 11:30:00+05:30,100997.17032017086,100997.17032017086,0.0
2015-01-30 11:45:00+05:30,100997.17032017086,100997.17032017086,0.0
2015-01-30 12:00:00+05:30,100997.17032017086,100997.17032017086,0.0
2015-01-30 12:15:00+05:30,100997.17032017086,100997.17032017086,0.0
2015-01-30 12:30:00+05:30,100997.17032017086,100997.17032017086,0.0
2015-01-30 12:45:00+05:30,100997.17032017086,100997.17032017086,0.0
2015-01-30 13:00:00+05:30,100997.17032017086,100997.17032017086,0.0
2015-01-30 13:15:00+05:30,100997.17032017086,100997.17032017086,0.0
2015-01-30 13:30:00+05:30,100997.17032017086,100997.17032017086,0.0
2015-01-30 13:45:00+05:30,100997.17032017086,100997.17032017086,0.0
2015-01-30 14:00:00+05:30,100997.17032017086,100997.17032017086,0.0
2015-01-30 14:15:00+05:30,100997.17032017086,100997.17032017086,0.0
2015-01-30 14:30:00+05:30,100997.17032017086,100997.17032017086,0.0
2015-01-30 14:45:00+05:30,100997.17032017086,100997.17032017086,0.0
2015-01-30 15:00:00+05:30,100997.17032017086,100997.17032017086,0.0
2015-01-30 15:15:00+05:30,100997.17032017086,100997.17032017086,0.0
2015-02-02 09:15:00+05:30,100997.17032017086,100997.17032017086,0.0
2015-02-02 09:30:00+05:30,100997.17032017086,100997.17032017086,0.0
2015-02-02 09:45:00+05:30,100997.17032017086,100997.17032017086,0.0
2015-02-02 10:00:00+05:30,100997.17032017086,100997.17032017086,0.0
2015-02-02 10:15:00+05:30,100997.17032017086,100997.17032017086,0.0
2015-02-02 10:30:00+05:30,100997.17032017086,100997.17032017086,0.0
2015-02-02 10:45:00+05:30,100997.17032017086,100997.17032017086,0.0
2015-02-02 11:00:00+05:30,100997.17032017086,100997.17032017086,0.0
2015-02-02 11:15:00+05:30,100997.17032017086,100997.17032017086,0.0
2015-02-02 11:30:00+05:30,100997.17032017086,100997.17032017086,0.0
2015-02-02 11:45:00+05:30,100997.17032017086,100997.17032017086,0.0
2015-02-02 12:00:00+05:30,100997.17032017086,100997.17032017086,0.0
2015-02-02 12:15:00+05:30,100997.17032017086,100997.17032017086,0.0
2015-02-02 12:30:00+05:30,100997.17032017086,100997.17032017086,0.0
2015-02-02 12:45:00+05:30,100997.17032017086,100997.17032017086,0.0
2015-02-02 13:00:00+05:30,100997.17032017086,100997.17032017086,0.0
2015-02-02 13:15:00+05:30,100997.17032017086,100997.17032017086,0.0
2015-02-02 13:30:00+05:30,100997.17032017086,100997.17032017086,0.0
2015-02-02 13:45:00+05:30,100997.17032017086,100997.17032017086,0.0
2015-02-02 14:00:00+05:30,100997.17032017086,100997.17032017086,0.0
2015-02-02 14:15:00+05:30,100997.17032017086,100997.17032017086,0.0
2015-02-02 14:30:00+05:30,100997.17032017086,100997.17032017086,0.0
2015-02-02 14:45:00+05:30,100997.17032017086,100997.17032017086,0.0
2015-02-02 15:00:00+05:30,100997.17032017086,100997.17032017086,0.0
2015-02-02 15:15:00+05:30,100958.74572824418,0.0252492925937986,11.474994229349532
2015-02-03 09:15:00+05:30,101182.5081157165,0.0252492925937986,11.474994229349532
2015-02-03 09:30:00+05:30,101176.19686889036,0.0252492925937986,11.474994229349532
2015-02-03 09:45:00+05:30,101013.82570054506,0.0252492925937986,11.474994229349532
2015-02-03 10:00:00+05:30,100993.7444606437,0.0252492925937986,11.474994229349532
2015-02-03 10:15:00+05:30,100911.12450219238,0.0252492925937986,11.474994229349532
2015-02-03 10:30:00+05:30,101052.26693121337,0.0252492925937986,11.474994229349532
2015-02-03 10:45:00+05:30,100994.89196006663,0.0252492925937986,11.474994229349532
2015-02-03 11:00:00+05:30,101306.43805339347,0.0252492925937986,11.474994229349532
2015-02-03 11:15:00+05:30,101081.52816649822,0.0252492925937986,11.474994229349532
2015-02-03 11:30:00+05:30,100912.84575132678,0.0252492925937986,11.474994229349532
2015-02-03 11:45:00+05:30,100224.91984727728,0.0252492925937986,11.474994229349532
2015-02-03 12:00:00+05:30,100310.40855428592,0.0252492925937986,11.474994229349532
2015-02-03 12:15:00+05:30,100282.86856813548,0.0252492925937986,11.474994229349532
2015-02-03 12:30:00+05:30,100499.74595907019,0.0252492925937986,11.474994229349532
2015-02-03 12:45:00+05:30,100259.91857967679,0.0252492925937986,11.474994229349532
2015-02-03 13:00:00+05:30,100211.50902152143,100211.50902152143,0.0
2015-02-03 13:15:00+05:30,100211.50902152143,100211.50902152143,0.0
2015-02-03 13:30:00+05:30,100211.50902152143,100211.50902152143,0.0
2015-02-03 13:45:00+05:30,100211.50902152143,100211.50902152143,0.0
2015-02-03 14:00:00+05:30,100211.50902152143,100211.50902152143,0.0
2015-02-03 14:15:00+05:30,100211.50902152143,100211.50902152143,0.0
2015-02-03 14:30:00+05:30,100211.50902152143,100211.50902152143,0.0
2015-02-03 14:45:00+05:30,100211.50902152143,100211.50902152143,0.0
2015-02-03 15:00:00+05:30,100211.50902152143,100211.50902152143,0.0
2015-02-03 15:15:00+05:30,100211.50902152143,100211.50902152143,0.0
2015-02-04 09:15:00+05:30,100211.50902152143,100211.50902152143,0.0
2015-02-04 09:30:00+05:30,100211.50902152143,100211.50902152143,0.0
2015-02-04 09:45:00+05:30,100211.50902152143,100211.50902152143,0.0
2015-02-04 10:00:00+05:30,100211.50902152143,100211.50902152143,0.0
2015-02-04 10:15:00+05:30,100211.50902152143,100211.50902152143,0.0
2015-02-04 10:30:00+05:30,100211.50902152143,100211.50902152143,0.0
2015-02-04 10:45:00+05:30,100211.50902152143,100211.50902152143,0.0
2015-02-04 11:00:00+05:30,100211.50902152143,100211.50902152143,0.0
2015-02-04 11:15:00+05:30,100211.50902152143,100211.50902152143,0.0
2015-02-04 11:30:00+05:30,100211.50902152143,100211.50902152143,0.0
2015-02-04 11:45:00+05:30,100211.50902152143,100211.50902152143,0.0
2015-02-04 12:00:00+05:30,100211.50902152143,100211.50902152143,0.0
2015-02-04 12:15:00+05:30,100211.50902152143,100211.50902152143,0.0
2015-02-04 12:30:00+05:30,100211.50902152143,100211.50902152143,0.0
2015-02-04 12:45:00+05:30,100211.50902152143,100211.50902152143,0.0
2015-02-04 13:00:00+05:30,100211.50902152143,100211.50902152143,0.0
2015-02-04 13:15:00+05:30,100211.50902152143,100211.50902152143,0.0
2015-02-04 13:30:00+05:30,100211.50902152143,100211.50902152143,0.0
2015-02-04 13:45:00+05:30,100211.50902152143,100211.50902152143,0.0
2015-02-04 14:00:00+05:30,100211.50902152143,100211.50902152143,0.0
2015-02-04 14:15:00+05:30,100211.50902152143,100211.50902152143,0.0
2015-02-04 14:30:00+05:30,100211.50902152143,100211.50902152143,0.0
2015-02-04 14:45:00+05:30,100211.50902152143,100211.50902152143,0.0
2015-02-04 15:00:00+05:30,100211.50902152143,100211.50902152143,0.0
2015-02-04 15:15:00+05:30,100211.50902152143,100211.50902152143,0.0
2015-02-05 09:15:00+05:30,100211.50902152143,100211.50902152143,0.0
2015-02-05 09:30:00+05:30,100211.50902152143,100211.50902152143,0.0
2015-02-05 09:45:00+05:30,100211.50902152143,100211.50902152143,0.0
2015-02-05 10:00:00+05:30,100211.50902152143,100211.50902152143,0.0
2015-02-05 10:15:00+05:30,100211.50902152143,100211.50902152143,0.0
2015-02-05 10:30:00+05:30,100211.50902152143,100211.50902152143,0.0
2015-02-05 10:45:00+05:30,100211.50902152143,100211.50902152143,0.0
2015-02-05 11:00:00+05:30,100211.50902152143,100211.50902152143,0.0
2015-02-05 11:15:00+05:30,100211.50902152143,100211.50902152143,0.0
2015-02-05 11:30:00+05:30,100211.50902152143,100211.50902152143,0.0
2015-02-05 11:45:00+05:30,100211.50902152143,100211.50902152143,0.0
2015-02-05 12:00:00+05:30,100211.50902152143,100211.50902152143,0.0
2015-02-05 12:15:00+05:30,100211.50902152143,100211.50902152143,0.0
2015-02-05 12:30:00+05:30,100211.50902152143,100211.50902152143,0.0
2015-02-05 12:45:00+05:30,100211.50902152143,100211.50902152143,0.0
2015-02-05 13:00:00+05:30,100211.50902152143,100211.50902152143,0.0
2015-02-05 13:15:00+05:30,100485.47924750214,0.025052877244888805,11.410243930077996
2015-02-05 13:30:00+05:30,100442.69083276433,0.025052877244888805,11.410243930077996
2015-02-05 13:45:00+05:30,100551.08815010008,0.025052877244888805,11.410243930077996
2015-02-05 14:00:00+05:30,100685.72902847499,0.025052877244888805,11.410243930077996
2015-02-05 14:15:00+05:30,100678.31236992044,0.025052877244888805,11.410243930077996
2015-02-05 14:30:00+05:30,100332.5819788391,0.025052877244888805,11.410243930077996
2015-02-05 14:45:00+05:30,99918.96063637377,0.025052877244888805,11.410243930077996
2015-02-05 15:00:00+05:30,99360.42919599643,0.025052877244888805,11.410243930077996
2015-02-05 15:15:00+05:30,99310.74899392488,99310.74899392488,0.0
2015-02-06 09:15:00+05:30,99310.74899392488,99310.74899392488,0.0
2015-02-06 09:30:00+05:30,99310.74899392488,99310.74899392488,0.0
2015-02-06 09:45:00+05:30,99310.74899392488,99310.74899392488,0.0
2015-02-06 10:00:00+05:30,99310.74899392488,99310.74899392488,0.0
2015-02-06 10:15:00+05:30,99310.74899392488,99310.74899392488,0.0
2015-02-06 10:30:00+05:30,99310.74899392488,99310.74899392488,0.0
2015-02-06 10:45:00+05:30,99310.74899392488,99310.74899392488,0.0
2015-02-06 11:00:00+05:30,99310.74899392488,99310.74899392488,0.0
2015-02-06 11:15:00+05:30,99310.74899392488,99310.74899392488,0.0
2015-02-06 11:30:00+05:30,99310.74899392488,99310.74899392488,0.0
2015-02-06 11:45:00+05:30,99310.74899392488,99310.74899392488,0.0
2015-02-06 12:00:00+05:30,99310.74899392488,99310.74899392488,0.0
2015-02-06 12:15:00+05:30,99310.74899392488,99310.74899392488,0.0
2015-02-06 12:30:00+05:30,99310.74899392488,99310.74899392488,0.0
2015-02-06 12:45:00+05:30,99310.74899392488,99310.74899392488,0.0
2015-02-06 13:00:00+05:30,98946.18104416988,0.024827687244396657,11.390141155345072
2015-02-06 13:15:00+05:30,98982.05998880921,0.024827687244396657,11.390141155345072
2015-02-06 13:30:00+05:30,98897.77294425966,0.024827687244396657,11.390141155345072
2015-02-06 13:45:00+05:30,99036.73266635489,0.024827687244396657,11.390141155345072
2015-02-06 14:00:00+05:30,98959.8492135563,0.024827687244396657,11.390141155345072
2015-02-06 14:15:00+05:30,98753.68765864456,0.024827687244396657,11.390141155345072
2015-02-06 14:30:00+05:30,98730.33786927609,0.024827687244396657,11.390141155345072
2015-02-06 14:45:00+05:30,98803.23477267032,0.024827687244396657,11.390141155345072
2015-02-06 15:00:00+05:30,98578.27948485225,0.024827687244396657,11.390141155345072
2015-02-06 15:15:00+05:30,98529.5595798279,98529.5595798279,0.0
2015-02-09 09:15:00+05:30,98529.5595798279,98529.5595798279,0.0
2015-02-09 09:30:00+05:30,98529.5595798279,98529.5595798279,0.0
2015-02-09 09:45:00+05:30,98529.5595798279,98529.5595798279,0.0
2015-02-09 10:00:00+05:30,98529.5595798279,98529.5595798279,0.0
2015-02-09 10:15:00+05:30,98529.5595798279,98529.5595798279,0.0
2015-02-09 10:30:00+05:30,98529.5595798279,98529.5595798279,0.0
2015-02-09 10:45:00+05:30,98529.5595798279,98529.5595798279,0.0
2015-02-09 11:00:00+05:30,98529.5595798279,98529.5595798279,0.0
2015-02-09 11:15:00+05:30,98529.5595798279,98529.5595798279,0.0
2015-02-09 11:30:00+05:30,98529.5595798279,98529.5595798279,0.0
2015-02-09 11:45:00+05:30,98529.5595798279,98529.5595798279,0.0
2015-02-09 12:00:00+05:30,98529.5595798279,98529.5595798279,0.0
2015-02-09 12:15:00+05:30,98529.5595798279,98529.5595798279,0.0
2015-02-09 12:30:00+05:30,98529.5595798279,98529.5595798279,0.0
2015-02-09 12:45:00+05:30,98529.5595798279,98529.5595798279,0.0
2015-02-09 13:00:00+05:30,98529.5595798279,98529.5595798279,0.0
2015-02-09 13:15:00+05:30,98529.5595798279,98529.5595798279,0.0
2015-02-09 13:30:00+05:30,98529.5595798279,98529.5595798279,0.0
2015-02-09 13:45:00+05:30,98529.5595798279,98529.5595798279,0.0
2015-02-09 14:00:00+05:30,98529.5595798279,98529.5595798279,0.0
2015-02-09 14:15:00+05:30,98529.5595798279,98529.5595798279,0.0
2015-02-09 14:30:00+05:30,98529.5595798279,98529.5595798279,0.0
2015-02-09 14:45:00+05:30,98529.5595798279,98529.5595798279,0.0
2015-02-09 15:00:00+05:30,98529.5595798279,98529.5595798279,0.0
2015-02-09 15:15:00+05:30,98529.5595798279,98529.5595798279,0.0
2015-02-10 09:15:00+05:30,98529.5595798279,98529.5595798279,0.0
2015-02-10 09:30:00+05:30,98529.5595798279,98529.5595798279,0.0
2015-02-10 09:45:00+05:30,98529.5595798279,98529.5595798279,0.0
2015-02-10 10:00:00+05:30,98529.5595798279,98529.5595798279,0.0
2015-02-10 10:15:00+05:30,98529.5595798279,98529.5595798279,0.0
2015-02-10 10:30:00+05:30,98529.5595798279,98529.5595798279,0.0
2015-02-10 10:45:00+05:30,98435.66651371557,0.024632389890030026,11.449466336488436
2015-02-10 11:00:00+05:30,98471.7323326755,0.024632389890030026,11.449466336488436
2015-02-10 11:15:00+05:30,98831.24557564125,0.024632389890030026,11.449466336488436
2015-02-10 11:30:00+05:30,98741.36726489982,0.024632389890030026,11.449466336488436
2015-02-10 11:45:00+05:30,98633.16980802,0.024632389890030026,11.449466336488436
2015-02-10 12:00:00+05:30,98246.7503191635,0.024632389890030026,11.449466336488436
2015-02-10 12:15:00+05:30,98227.8586997083,0.024632389890030026,11.449466336488436
2015-02-10 12:30:00+05:30,98211.25697352039,0.024632389890030026,11.449466336488436
2015-02-10 12:45:00+05:30,98274.22903837108,0.024632389890030026,11.449466336488436
2015-02-10 13:00:00+05:30,98117.94382287802,0.024632389890030026,11.449466336488436
2015-02-10 13:15:00+05:30,98063.73517956129,98063.73517956129,0.0
2015-02-10 13:30:00+05:30,98063.73517956129,98063.73517956129,0.0
2015-02-10 13:45:00+05:30,98063.73517956129,98063.73517956129,0.0
2015-02-10 14:00:00+05:30,98063.73517956129,98063.73517956129,0.0
2015-02-10 14:15:00+05:30,98063.73517956129,98063.73517956129,0.0
2015-02-10 14:30:00+05:30,98063.73517956129,98063.73517956129,0.0
2015-02-10 14:45:00+05:30,98063.73517956129,98063.73517956129,0.0
2015-02-10 15:00:00+05:30,98063.73517956129,98063.73517956129,0.0
2015-02-10 15:15:00+05:30,98063.73517956129,98063.73517956129,0.0
2015-02-11 09:15:00+05:30,98063.73517956129,98063.73517956129,0.0
2015-02-11 09:30:00+05:30,98036.9306637101,0.024515933793736622,11.386069643480306
2015-02-11 09:45:00+05:30,98006.1882756727,0.024515933793736622,11.386069643480306
2015-02-11 10:00:00+05:30,98032.37623585272,0.024515933793736622,11.386069643480306
2015-02-11 10:15:00+05:30,98187.22678300405,0.024515933793736622,11.386069643480306
2015-02-11 10:30:00+05:30,98019.28225576272,0.024515933793736622,11.386069643480306
2015-02-11 10:45:00+05:30,98010.17340004792,0.024515933793736622,11.386069643480306
2015-02-11 11:00:00+05:30,98005.61897219052,0.024515933793736622,11.386069643480306
2015-02-11 11:15:00+05:30,97959.50539013445,0.024515933793736622,11.386069643480306
2015-02-11 11:30:00+05:30,98035.22275326359,0.024515933793736622,11.386069643480306
2015-02-11 11:45:00+05:30,98045.47021594271,0.024515933793736622,11.386069643480306
2015-02-11 12:00:00+05:30,98130.29643478665,0.024515933793736622,11.386069643480306
2015-02-11 12:15:00+05:30,98172.42489246752,0.024515933793736622,11.386069643480306
2015-02-11 12:30:00+05:30,98123.46479300056,0.024515933793736622,11.386069643480306
2015-02-11 12:45:00+05:30,98139.97459398358,0.024515933793736622,11.386069643480306
2015-02-11 13:00:00+05:30,98351.18618587016,0.024515933793736622,11.386069643480306
2015-02-11 13:15:00+05:30,98335.81499185145,0.024515933793736622,11.386069643480306
2015-02-11 13:30:00+05:30,98139.97459398358,0.024515933793736622,11.386069643480306
2015-02-11 13:45:00+05:30,98184.38026559318,0.024515933793736622,11.386069643480306
2015-02-11 14:00:00+05:30,98235.61757898884,0.024515933793736622,11.386069643480306
2015-02-11 14:15:00+05:30,98384.20578783625,0.024515933793736622,11.386069643480306
2015-02-11 14:30:00+05:30,98399.57698185496,0.024515933793736622,11.386069643480306
2015-02-11 14:45:00+05:30,98319.3051908684,0.024515933793736622,11.386069643480306
2015-02-11 15:00:00+05:30,98194.05842479013,0.024515933793736622,11.386069643480306
2015-02-11 15:15:00+05:30,98324.42892220798,0.024515933793736622,11.386069643480306
2015-02-12 09:15:00+05:30,98508.88325043237,0.024515933793736622,11.386069643480306
2015-02-12 09:30:00+05:30,98406.40862364105,0.024515933793736622,11.386069643480306
2015-02-12 09:45:00+05:30,98461.63106141191,0.024515933793736622,11.386069643480306
2015-02-12 10:00:00+05:30,98311.90424560015,0.024515933793736622,11.386069643480306
2015-02-12 10:15:00+05:30,98280.59255408058,0.024515933793736622,11.386069643480306
2015-02-12 10:30:00+05:30,98264.65205657971,0.024515933793736622,11.386069643480306
2015-02-12 10:45:00+05:30,98233.9096685423,0.024515933793736622,11.386069643480306
2015-02-12 11:00:00+05:30,98256.1125043471,0.024515933793736622,11.386069643480306
2015-02-12 11:15:00+05:30,98126.88061389359,0.024515933793736622,11.386069643480306
2015-02-12 11:30:00+05:30,97995.3715095114,0.024515933793736622,11.386069643480306
2015-02-12 11:45:00+05:30,98107.5242954997,0.024515933793736622,11.386069643480306
2015-02-12 12:00:00+05:30,98067.10374826532,0.024515933793736622,11.386069643480306
2015-02-12 12:15:00+05:30,98094.99961889186,0.024515933793736622,11.386069643480306
2015-02-12 12:30:00+05:30,98088.73728058793,0.024515933793736622,11.386069643480306
2015-02-12 12:45:00+05:30,98003.91106174402,0.024515933793736622,11.386069643480306
2015-02-12 13:00:00+05:30,98056.28698210402,0.024515933793736622,11.386069643480306
2015-02-12 13:15:00+05:30,98136.55877309055,0.024515933793736622,11.386069643480306
2015-02-12 13:30:00+05:30,98236.18688247101,0.024515933793736622,11.386069643480306
2015-02-12 13:45:00+05:30,98288.56280283102,0.024515933793736622,11.386069643480306
2015-02-12 14:00:00+05:30,98504.32882257496,0.024515933793736622,11.386069643480306
2015-02-12 14:15:00+05:30,98494.08135989583,0.024515933793736622,11.386069643480306
2015-02-12 14:30:00+05:30,98853.88116062981,0.024515933793736622,11.386069643480306
2015-02-12 14:45:00+05:30,98848.75742929024,0.024515933793736622,11.386069643480306
2015-02-12 15:00:00+05:30,99308.75464288687,0.024515933793736622,11.386069643480306
2015-02-12 15:15:00+05:30,99382.19479208729,0.024515933793736622,11.386069643480306
2015-02-13 09:15:00+05:30,99604.79245361735,0.024515933793736622,11.386069643480306
2015-02-13 09:30:00+05:30,99752.2420555004,0.024515933793736622,11.386069643480306
2015-02-13 09:45:00+05:30,99781.2765330913,0.024515933793736622,11.386069643480306
2015-02-13 10:00:00+05:30,99678.23260281778,0.024515933793736622,11.386069643480306
2015-02-13 10:15:00+05:30,99633.82693120821,0.024515933793736622,11.386069643480306
2015-02-13 10:30:00+05:30,99658.30698094169,0.024515933793736622,11.386069643480306
2015-02-13 10:45:00+05:30,99474.99125968166,0.024515933793736622,11.386069643480306
2015-02-13 11:00:00+05:30,99595.11429442039,0.024515933793736622,11.386069643480306
2015-02-13 11:15:00+05:30,99624.71807549344,0.024515933793736622,11.386069643480306
2015-02-13 11:30:00+05:30,99686.77215505039,0.024515933793736622,11.386069643480306
2015-02-13 11:45:00+05:30,99783.55374701998,0.024515933793736622,11.386069643480306
2015-02-13 12:00:00+05:30,99848.45434398782,0.024515933793736622,11.386069643480306
2015-02-13 12:15:00+05:30,99858.13250318478,0.024515933793736622,11.386069643480306
2015-02-13 12:30:00+05:30,99952.0675777435,0.024515933793736622,11.386069643480306
2015-02-13 12:45:00+05:30,100024.93842346176,0.024515933793736622,11.386069643480306
2015-02-13 13:00:00+05:30,99920.75588622392,0.024515933793736622,11.386069643480306
2015-02-13 13:15:00+05:30,100022.66120953306,0.024515933793736622,11.386069643480306
2015-02-13 13:30:00+05:30,100109.19533882351,0.024515933793736622,11.386069643480306
2015-02-13 13:45:00+05:30,99995.90394587089,0.024515933793736622,11.386069643480306
2015-02-13 14:00:00+05:30,100165.55638355875,0.024515933793736622,11.386069643480306
2015-02-13 14:15:00+05:30,100214.51648302571,0.024515933793736622,11.386069643480306
2015-02-13 14:30:00+05:30,100330.65439338922,0.024515933793736622,11.386069643480306
2015-02-13 14:45:00+05:30,100318.69902026355,0.024515933793736622,11.386069643480306
2015-02-13 15:00:00+05:30,100289.0952391905,0.024515933793736622,11.386069643480306
2015-02-13 15:15:00+05:30,100232.1648909731,0.024515933793736622,11.386069643480306
2015-02-16 09:15:00+05:30,100828.2256368093,0.024515933793736622,11.386069643480306
2015-02-16 09:30:00+05:30,100810.5772288619,0.024515933793736622,11.386069643480306
2015-02-16 09:45:00+05:30,100704.68678117753,0.024515933793736622,11.386069643480306
2015-02-16 10:00:00+05:30,100902.8043929741,0.024515933793736622,11.386069643480306
2015-02-16 10:15:00+05:30,100942.0863332441,0.024515933793736622,11.386069643480306
2015-02-16 10:30:00+05:30,100904.51230342062,0.024515933793736622,11.386069643480306
2015-02-16 10:45:00+05:30,100737.70638314364,0.024515933793736622,11.386069643480306
2015-02-16 11:00:00+05:30,100725.75101001798,0.024515933793736622,11.386069643480306
2015-02-16 11:15:00+05:30,100452.48533857445,0.024515933793736622,11.386069643480306
2015-02-16 11:30:00+05:30,100561.79160715186,0.024515933793736622,11.386069643480306
2015-02-16 11:45:00+05:30,100529.91061215012,0.024515933793736622,11.386069643480306
2015-02-16 12:00:00+05:30,100454.76255250315,0.024515933793736622,11.386069643480306
2015-02-16 12:15:00+05:30,100410.2253717892,100410.2253717892,0.0
2015-02-16 12:30:00+05:30,100410.2253717892,100410.2253717892,0.0
2015-02-16 12:45:00+05:30,100410.2253717892,100410.2253717892,0.0
2015-02-16 13:00:00+05:30,100410.2253717892,100410.2253717892,0.0
2015-02-16 13:15:00+05:30,100410.2253717892,100410.2253717892,0.0
2015-02-16 13:30:00+05:30,100410.2253717892,100410.2253717892,0.0
2015-02-16 13:45:00+05:30,100410.2253717892,100410.2253717892,0.0
2015-02-16 14:00:00+05:30,100410.2253717892,100410.2253717892,0.0
2015-02-16 14:15:00+05:30,100410.2253717892,100410.2253717892,0.0
2015-02-16 14:30:00+05:30,100410.2253717892,100410.2253717892,0.0
2015-02-16 14:45:00+05:30,100410.2253717892,100410.2253717892,0.0
2015-02-16 15:00:00+05:30,100410.2253717892,100410.2253717892,0.0
2015-02-16 15:15:00+05:30,100410.2253717892,100410.2253717892,0.0
2015-02-18 09:15:00+05:30,100410.2253717892,100410.2253717892,0.0
2015-02-18 09:30:00+05:30,100410.2253717892,100410.2253717892,0.0
2015-02-18 09:45:00+05:30,100410.2253717892,100410.2253717892,0.0
2015-02-18 10:00:00+05:30,100410.2253717892,100410.2253717892,0.0
2015-02-18 10:15:00+05:30,100410.2253717892,100410.2253717892,0.0
2015-02-18 10:30:00+05:30,100332.83892233578,0.025102556333877146,11.336016384934634
2015-02-18 10:45:00+05:30,100279.5596453266,0.025102556333877146,11.336016384934634
2015-02-18 11:00:00+05:30,100372.51497968305,0.025102556333877146,11.336016384934634
2015-02-18 11:15:00+05:30,100361.74576411738,0.025102556333877146,11.336016384934634
2015-02-18 11:30:00+05:30,100387.25180098349,0.025102556333877146,11.336016384934634
2015-02-18 11:45:00+05:30,100337.94012970902,0.025102556333877146,11.336016384934634
2015-02-18 12:00:00+05:30,100210.97674619775,0.025102556333877146,11.336016384934634
2015-02-18 12:15:00+05:30,100268.7904297609,0.025102556333877146,11.336016384934634
2015-02-18 12:30:00+05:30,100297.6972715425,0.025102556333877146,11.336016384934634
2015-02-18 12:45:00+05:30,100365.14656903285,0.025102556333877146,11.336016384934634
2015-02-18 13:00:00+05:30,100362.87936575589,0.025102556333877146,11.336016384934634
2015-02-18 13:15:00+05:30,100352.11015019019,0.025102556333877146,11.336016384934634
2015-02-18 13:30:00+05:30,100246.11839699103,0.025102556333877146,11.336016384934634
2015-02-18 13:45:00+05:30,100452.43389519685,0.025102556333877146,11.336016384934634
2015-02-18 14:00:00+05:30,100547.6564328303,0.025102556333877146,11.336016384934634
2015-02-18 14:15:00+05:30,100503.44596892907,0.025102556333877146,11.336016384934634
2015-02-18 14:30:00+05:30,100671.21901142609,0.025102556333877146,11.336016384934634
2015-02-18 14:45:00+05:30,100717.69667860432,0.025102556333877146,11.336016384934634
2015-02-18 15:00:00+05:30,100553.32444102278,0.025102556333877146,11.336016384934634
2015-02-18 15:15:00+05:30,100496.6443590981,0.025102556333877146,11.336016384934634
2015-02-19 09:15:00+05:30,100755.67233349386,0.025102556333877146,11.336016384934634
2015-02-19 09:30:00+05:30,100780.6115695407,0.025102556333877146,11.336016384934634
2015-02-19 09:45:00+05:30,100780.04476872146,0.025102556333877146,11.336016384934634
2015-02-19 10:00:00+05:30,100829.35643999593,0.025102556333877146,11.336016384934634
2015-02-19 10:15:00+05:30,100713.16227205035,0.025102556333877146,11.336016384934634
2015-02-19 10:30:00+05:30,100346.44214199772,0.025102556333877146,11.336016384934634
2015-02-19 10:45:00+05:30,100203.60833554754,0.025102556333877146,11.336016384934634
2015-02-19 11:00:00+05:30,100150.10743941802,100150.10743941802,0.0
2015-02-19 11:15:00+05:30,100150.10743941802,100150.10743941802,0.0
2015-02-19 11:30:00+05:30,100150.10743941802,100150.10743941802,0.0
2015-02-19 11:45:00+05:30,100150.10743941802,100150.10743941802,0.0
2015-02-19 12:00:00+05:30,100150.10743941802,100150.10743941802,0.0
2015-02-19 12:15:00+05:30,100150.10743941802,100150.10743941802,0.0
2015-02-19 12:30:00+05:30,100150.10743941802,100150.10743941802,0.0
2015-02-19 12:45:00+05:30,100150.10743941802,100150.10743941802,0.0
2015-02-19 13:00:00+05:30,100150.10743941802,100150.10743941802,0.0
2015-02-19 13:15:00+05:30,100150.10743941802,100150.10743941802,0.0
2015-02-19 13:30:00+05:30,100150.10743941802,100150.10743941802,0.0
2015-02-19 13:45:00+05:30,100150.10743941802,100150.10743941802,0.0
2015-02-19 14:00:00+05:30,100150.10743941802,100150.10743941802,0.0
2015-02-19 14:15:00+05:30,100150.10743941802,100150.10743941802,0.0
2015-02-19 14:30:00+05:30,100150.10743941802,100150.10743941802,0.0
2015-02-19 14:45:00+05:30,100150.10743941802,100150.10743941802,0.0
2015-02-19 15:00:00+05:30,100150.10743941802,100150.10743941802,0.0
2015-02-19 15:15:00+05:30,100021.37435892114,0.025037526851519942,11.240437757718485
2015-02-20 09:15:00+05:30,99522.29892247844,0.025037526851519942,11.240437757718485
2015-02-20 09:30:00+05:30,99185.08578974688,0.025037526851519942,11.240437757718485
2015-02-20 09:45:00+05:30,99290.74590466944,0.025037526851519942,11.240437757718485
2015-02-20 10:00:00+05:30,99318.28497717583,0.025037526851519942,11.240437757718485
2015-02-20 10:15:00+05:30,99336.26967758819,0.025037526851519942,11.240437757718485
2015-02-20 10:30:00+05:30,99398.09208525564,0.025037526851519942,11.240437757718485
2015-02-20 10:45:00+05:30,99356.5024655521,0.025037526851519942,11.240437757718485
2015-02-20 11:00:00+05:30,99425.06913587416,0.025037526851519942,11.240437757718485
2015-02-20 11:15:00+05:30,99634.70330005563,0.025037526851519942,11.240437757718485
2015-02-20 11:30:00+05:30,99725.75084589313,0.025037526851519942,11.240437757718485
2015-02-20 11:45:00+05:30,99708.32816736867,0.025037526851519942,11.240437757718485
2015-02-20 12:00:00+05:30,99629.08308117677,0.025037526851519942,11.240437757718485
2015-02-20 12:15:00+05:30,99565.57460784564,0.025037526851519942,11.240437757718485
2015-02-20 12:30:00+05:30,99560.51641085467,0.025037526851519942,11.240437757718485
2015-02-20 12:45:00+05:30,99607.72624943708,0.025037526851519942,11.240437757718485
2015-02-20 13:00:00+05:30,99647.629803477,0.025037526851519942,11.240437757718485
2015-02-20 13:15:00+05:30,99818.48445739431,0.025037526851519942,11.240437757718485
2015-02-20 13:30:00+05:30,99794.87953810311,0.025037526851519942,11.240437757718485
2015-02-20 13:45:00+05:30,99344.1379840186,0.025037526851519942,11.240437757718485
2015-02-20 14:00:00+05:30,99648.19182536488,0.025037526851519942,11.240437757718485
2015-02-20 14:15:00+05:30,99697.64975149883,0.025037526851519942,11.240437757718485
2015-02-20 14:30:00+05:30,99587.4934614732,0.025037526851519942,11.240437757718485
2015-02-20 14:45:00+05:30,99470.03088690504,0.025037526851519942,11.240437757718485
2015-02-20 15:00:00+05:30,99295.24207977252,0.025037526851519942,11.240437757718485
2015-02-20 15:15:00+05:30,99227.23743133833,0.025037526851519942,11.240437757718485
2015-02-23 09:15:00+05:30,99505.11875639859,99505.11875639859,0.0
2015-02-23 09:30:00+05:30,99505.11875639859,99505.11875639859,0.0
2015-02-23 09:45:00+05:30,99505.11875639859,99505.11875639859,0.0
2015-02-23 10:00:00+05:30,99505.11875639859,99505.11875639859,0.0
2015-02-23 10:15:00+05:30,99505.11875639859,99505.11875639859,0.0
2015-02-23 10:30:00+05:30,99505.11875639859,99505.11875639859,0.0
2015-02-23 10:45:00+05:30,99505.11875639859,99505.11875639859,0.0
2015-02-23 11:00:00+05:30,99505.11875639859,99505.11875639859,0.0
2015-02-23 11:15:00+05:30,99505.11875639859,99505.11875639859,0.0
2015-02-23 11:30:00+05:30,99505.11875639859,99505.11875639859,0.0
2015-02-23 11:45:00+05:30,99505.11875639859,99505.11875639859,0.0
2015-02-23 12:00:00+05:30,99505.11875639859,99505.11875639859,0.0
2015-02-23 12:15:00+05:30,99505.11875639859,99505.11875639859,0.0
2015-02-23 12:30:00+05:30,99505.11875639859,99505.11875639859,0.0
2015-02-23 12:45:00+05:30,99505.11875639859,99505.11875639859,0.0
2015-02-23 13:00:00+05:30,99505.11875639859,99505.11875639859,0.0
2015-02-23 13:15:00+05:30,99505.11875639859,99505.11875639859,0.0
2015-02-23 13:30:00+05:30,99505.11875639859,99505.11875639859,0.0
2015-02-23 13:45:00+05:30,99505.11875639859,99505.11875639859,0.0
2015-02-23 14:00:00+05:30,99505.11875639859,99505.11875639859,0.0
2015-02-23 14:15:00+05:30,99505.11875639859,99505.11875639859,0.0
2015-02-23 14:30:00+05:30,99505.11875639859,99505.11875639859,0.0
2015-02-23 14:45:00+05:30,99505.11875639859,99505.11875639859,0.0
2015-02-23 15:00:00+05:30,99505.11875639859,99505.11875639859,0.0
2015-02-23 15:15:00+05:30,99505.11875639859,99505.11875639859,0.0
2015-02-24 09:15:00+05:30,99505.11875639859,99505.11875639859,0.0
2015-02-24 09:30:00+05:30,99505.11875639859,99505.11875639859,0.0
2015-02-24 09:45:00+05:30,99505.11875639859,99505.11875639859,0.0
2015-02-24 10:00:00+05:30,99505.11875639859,99505.11875639859,0.0
2015-02-24 10:15:00+05:30,99505.11875639859,99505.11875639859,0.0
2015-02-24 10:30:00+05:30,99505.11875639859,99505.11875639859,0.0
2015-02-24 10:45:00+05:30,99505.11875639859,99505.11875639859,0.0
2015-02-24 11:00:00+05:30,99505.11875639859,99505.11875639859,0.0
2015-02-24 11:15:00+05:30,99505.11875639859,99505.11875639859,0.0
2015-02-24 11:30:00+05:30,99505.11875639859,99505.11875639859,0.0
2015-02-24 11:45:00+05:30,99505.11875639859,99505.11875639859,0.0
2015-02-24 12:00:00+05:30,99505.11875639859,99505.11875639859,0.0
2015-02-24 12:15:00+05:30,99505.11875639859,99505.11875639859,0.0
2015-02-24 12:30:00+05:30,99505.11875639859,99505.11875639859,0.0
2015-02-24 12:45:00+05:30,99505.11875639859,99505.11875639859,0.0
2015-02-24 13:00:00+05:30,99505.11875639859,99505.11875639859,0.0
2015-02-24 13:15:00+05:30,99505.11875639859,99505.11875639859,0.0
2015-02-24 13:30:00+05:30,99505.11875639859,99505.11875639859,0.0
2015-02-24 13:45:00+05:30,99505.11875639859,99505.11875639859,0.0
2015-02-24 14:00:00+05:30,99505.11875639859,99505.11875639859,0.0
2015-02-24 14:15:00+05:30,99505.11875639859,99505.11875639859,0.0
2015-02-24 14:30:00+05:30,99505.11875639859,99505.11875639859,0.0
2015-02-24 14:45:00+05:30,99505.11875639859,99505.11875639859,0.0
2015-02-24 15:00:00+05:30,99505.11875639859,99505.11875639859,0.0
2015-02-24 15:15:00+05:30,99505.11875639859,99505.11875639859,0.0
2015-02-25 09:15:00+05:30,99505.11875639859,99505.11875639859,0.0
2015-02-25 09:30:00+05:30,99457.08092003323,0.024876279683667235,11.265644887635123
2015-02-25 09:45:00+05:30,99385.54407499674,0.024876279683667235,11.265644887635123
2015-02-25 10:00:00+05:30,99320.20333464847,0.024876279683667235,11.265644887635123
2015-02-25 10:15:00+05:30,99406.38551803886,0.024876279683667235,11.265644887635123
2015-02-25 10:30:00+05:30,99332.59554402484,0.024876279683667235,11.265644887635123
2015-02-25 10:45:00+05:30,99290.34937569621,0.024876279683667235,11.265644887635123
2015-02-25 11:00:00+05:30,99335.41195524675,0.024876279683667235,11.265644887635123
2015-02-25 11:15:00+05:30,99340.48149544619,0.024876279683667235,11.265644887635123
2015-02-25 11:30:00+05:30,99423.84726761469,0.024876279683667235,11.265644887635123
2015-02-25 11:45:00+05:30,99372.58858337595,0.024876279683667235,11.265644887635123
2015-02-25 12:00:00+05:30,99363.01278522146,0.024876279683667235,11.265644887635123
2015-02-25 12:15:00+05:30,99392.86674417369,0.024876279683667235,11.265644887635123
2015-02-25 12:30:00+05:30,99335.41195524675,0.024876279683667235,11.265644887635123
2015-02-25 12:45:00+05:30,99438.49260596863,0.024876279683667235,11.265644887635123
2015-02-25 13:00:00+05:30,99245.28679614566,0.024876279683667235,11.265644887635123
2015-02-25 13:15:00+05:30,99270.63449714285,0.024876279683667235,11.265644887635123
2015-02-25 13:30:00+05:30,99333.72210851361,0.024876279683667235,11.265644887635123
2015-02-25 13:45:00+05:30,99070.66930038732,0.024876279683667235,11.265644887635123
2015-02-25 14:00:00+05:30,98798.04069410657,0.024876279683667235,11.265644887635123
2015-02-25 14:15:00+05:30,98766.09470489869,98766.09470489869,0.0
2015-02-25 14:30:00+05:30,98766.09470489869,98766.09470489869,0.0
2015-02-25 14:45:00+05:30,98766.09470489869,98766.09470489869,0.0
2015-02-25 15:00:00+05:30,98766.09470489869,98766.09470489869,0.0
2015-02-25 15:15:00+05:30,98766.09470489869,98766.09470489869,0.0
2015-02-26 09:15:00+05:30,98766.09470489869,98766.09470489869,0.0
2015-02-26 09:30:00+05:30,98766.09470489869,98766.09470489869,0.0
2015-02-26 09:45:00+05:30,98766.09470489869,98766.09470489869,0.0
2015-02-26 10:00:00+05:30,98766.09470489869,98766.09470489869,0.0
2015-02-26 10:15:00+05:30,98766.09470489869,98766.09470489869,0.0
2015-02-26 10:30:00+05:30,98766.09470489869,98766.09470489869,0.0
2015-02-26 10:45:00+05:30,98766.09470489869,98766.09470489869,0.0
2015-02-26 11:00:00+05:30,98766.09470489869,98766.09470489869,0.0
2015-02-26 11:15:00+05:30,98766.09470489869,98766.09470489869,0.0
2015-02-26 11:30:00+05:30,98766.09470489869,98766.09470489869,0.0
2015-02-26 11:45:00+05:30,98766.09470489869,98766.09470489869,0.0
2015-02-26 12:00:00+05:30,98766.09470489869,98766.09470489869,0.0
2015-02-26 12:15:00+05:30,98766.09470489869,98766.09470489869,0.0
2015-02-26 12:30:00+05:30,98766.09470489869,98766.09470489869,0.0
2015-02-26 12:45:00+05:30,98766.09470489869,98766.09470489869,0.0
2015-02-26 13:00:00+05:30,98766.09470489869,98766.09470489869,0.0
2015-02-26 13:15:00+05:30,98766.09470489869,98766.09470489869,0.0
2015-02-26 13:30:00+05:30,98766.09470489869,98766.09470489869,0.0
2015-02-26 13:45:00+05:30,98766.09470489869,98766.09470489869,0.0
2015-02-26 14:00:00+05:30,98766.09470489869,98766.09470489869,0.0
2015-02-26 14:15:00+05:30,98766.09470489869,98766.09470489869,0.0
2015-02-26 14:30:00+05:30,98766.09470489869,98766.09470489869,0.0
2015-02-26 14:45:00+05:30,98766.09470489869,98766.09470489869,0.0
2015-02-26 15:00:00+05:30,98766.09470489869,98766.09470489869,0.0
2015-02-26 15:15:00+05:30,98766.09470489869,98766.09470489869,0.0
2015-02-27 09:15:00+05:30,98766.09470489869,98766.09470489869,0.0
2015-02-27 09:30:00+05:30,98766.09470489869,98766.09470489869,0.0
2015-02-27 09:45:00+05:30,98766.09470489869,98766.09470489869,0.0
2015-02-27 10:00:00+05:30,98766.09470489869,98766.09470489869,0.0
2015-02-27 10:15:00+05:30,98766.09470489869,98766.09470489869,0.0
2015-02-27 10:30:00+05:30,98766.09470489869,98766.09470489869,0.0
2015-02-27 10:45:00+05:30,98766.09470489869,98766.09470489869,0.0
2015-02-27 11:00:00+05:30,98766.09470489869,98766.09470489869,0.0
2015-02-27 11:15:00+05:30,98766.09470489869,98766.09470489869,0.0
2015-02-27 11:30:00+05:30,98862.2996041088,0.024691523663932458,11.283973258829757
2015-02-27 11:45:00+05:30,98900.10091452589,0.024691523663932458,11.283973258829757
2015-02-27 12:00:00+05:30,98994.32209123712,0.024691523663932458,11.283973258829757
2015-02-27 12:15:00+05:30,98918.71947040295,0.024691523663932458,11.283973258829757
2015-02-27 12:30:00+05:30,99067.66791741952,0.024691523663932458,11.283973258829757
2015-02-27 12:45:00+05:30,99038.32958694655,0.024691523663932458,11.283973258829757
2015-02-27 13:00:00+05:30,99350.3314475532,0.024691523663932458,11.283973258829757
2015-02-27 13:15:00+05:30,99340.17587162025,0.024691523663932458,11.283973258829757
2015-02-27 13:30:00+05:30,99512.25646381741,0.024691523663932458,11.283973258829757
2015-02-27 13:45:00+05:30,99502.6650865474,0.024691523663932458,11.283973258829757
2015-02-27 14:00:00+05:30,99475.01935206327,0.024691523663932458,11.283973258829757
2015-02-27 14:15:00+05:30,99441.16743228679,0.024691523663932458,11.283973258829757
2015-02-27 14:30:00+05:30,99401.67352588088,0.024691523663932458,11.283973258829757
2015-02-27 14:45:00+05:30,99630.73818303512,0.024691523663932458,11.283973258829757
2015-02-27 15:00:00+05:30,99880.67819071819,0.024691523663932458,11.283973258829757
2015-02-27 15:15:00+05:30,99870.52261478525,0.024691523663932458,11.283973258829757
2015-02-28 09:15:00+05:30,100487.75595204324,0.024691523663932458,11.283973258829757
2015-02-28 09:30:00+05:30,100547.56101031504,0.024691523663932458,11.283973258829757
2015-02-28 09:45:00+05:30,100521.60787181974,0.024691523663932458,11.283973258829757
2015-02-28 10:00:00+05:30,100521.60787181974,0.024691523663932458,11.283973258829757
2015-02-28 10:15:00+05:30,100473.6509854697,0.024691523663932458,11.283973258829757
2015-02-28 10:30:00+05:30,100406.51134457966,0.024691523663932458,11.283973258829757
2015-02-28 10:45:00+05:30,100499.03992530207,0.024691523663932458,11.283973258829757
2015-02-28 11:00:00+05:30,100658.14394825159,0.024691523663932458,11.283973258829757
2015-02-28 11:15:00+05:30,100556.5881889221,0.024691523663932458,11.283973258829757
2015-02-28 11:30:00+05:30,100168.41950881835,0.024691523663932458,11.283973258829757
2015-02-28 11:45:00+05:30,99695.62102927339,0.024691523663932458,11.283973258829757
2015-02-28 12:00:00+05:30,100499.03992530207,0.024691523663932458,11.283973258829757
2015-02-28 12:15:00+05:30,100647.42417365569,0.024691523663932458,11.283973258829757
2015-02-28 12:30:00+05:30,99781.3792260405,0.024691523663932458,11.283973258829757
2015-02-28 12:45:00+05:30,99972.64257277767,0.024691523663932458,11.283973258829757
2015-02-28 13:00:00+05:30,99601.9640512251,0.024691523663932458,11.283973258829757
2015-02-28 13:15:00+05:30,98955.39238349415,0.024691523663932458,11.283973258829757
2015-02-28 13:30:00+05:30,98927.90744562897,98927.90744562897,0.0
2015-02-28 13:45:00+05:30,98927.90744562897,98927.90744562897,0.0
2015-02-28 14:00:00+05:30,98927.90744562897,98927.90744562897,0.0
2015-02-28 14:15:00+05:30,98927.90744562897,98927.90744562897,0.0
2015-02-28 14:30:00+05:30,98927.90744562897,98927.90744562897,0.0
2015-02-28 14:45:00+05:30,98927.90744562897,98927.90744562897,0.0
2015-02-28 15:00:00+05:30,98927.90744562897,98927.90744562897,0.0
2015-02-28 15:15:00+05:30,99011.1008343051,0.02473197685321793,11.098963215237312
2015-03-02 09:15:00+05:30,99200.33815712489,0.02473197685321793,11.098963215237312
2015-03-02 09:30:00+05:30,99490.57604520336,0.02473197685321793,11.098963215237312
2015-03-02 09:45:00+05:30,99455.61431107535,0.02473197685321793,11.098963215237312
2015-03-02 10:00:00+05:30,99451.17472578926,0.02473197685321793,11.098963215237312
2015-03-02 10:15:00+05:30,99349.06426420908,0.02473197685321793,11.098963215237312
2015-03-02 10:30:00+05:30,99248.61864711117,0.02473197685321793,11.098963215237312
2015-03-02 10:45:00+05:30,99069.3703911851,0.02473197685321793,11.098963215237312
2015-03-02 11:00:00+05:30,99084.35399152567,0.02473197685321793,11.098963215237312
2015-03-02 11:15:00+05:30,98935.62788444149,0.02473197685321793,11.098963215237312
2015-03-02 11:30:00+05:30,98887.26942423862,98887.26942423862,0.0
2015-03-02 11:45:00+05:30,98887.26942423862,98887.26942423862,0.0
2015-03-02 12:00:00+05:30,98887.26942423862,98887.26942423862,0.0
2015-03-02 12:15:00+05:30,98887.26942423862,98887.26942423862,0.0
2015-03-02 12:30:00+05:30,98887.26942423862,98887.26942423862,0.0
2015-03-02 12:45:00+05:30,98887.26942423862,98887.26942423862,0.0
2015-03-02 13:00:00+05:30,98887.26942423862,98887.26942423862,0.0
2015-03-02 13:15:00+05:30,98887.26942423862,98887.26942423862,0.0
2015-03-02 13:30:00+05:30,98887.26942423862,98887.26942423862,0.0
2015-03-02 13:45:00+05:30,98887.26942423862,98887.26942423862,0.0
2015-03-02 14:00:00+05:30,98887.26942423862,98887.26942423862,0.0
2015-03-02 14:15:00+05:30,98887.26942423862,98887.26942423862,0.0
2015-03-02 14:30:00+05:30,98887.26942423862,98887.26942423862,0.0
2015-03-02 14:45:00+05:30,98887.26942423862,98887.26942423862,0.0
2015-03-02 15:00:00+05:30,98887.26942423862,98887.26942423862,0.0
2015-03-02 15:15:00+05:30,98862.67221706042,0.024721817346289754,11.03186920736291
2015-03-03 09:15:00+05:30,98557.64103347684,0.024721817346289754,11.03186920736291
2015-03-03 09:30:00+05:30,98849.98556747196,0.024721817346289754,11.03186920736291
2015-03-03 09:45:00+05:30,98694.98780510851,0.024721817346289754,11.03186920736291
2015-03-03 10:00:00+05:30,98760.62742689232,0.024721817346289754,11.03186920736291
2015-03-03 10:15:00+05:30,98948.16920341748,0.024721817346289754,11.03186920736291
2015-03-03 10:30:00+05:30,98826.8186421365,0.024721817346289754,11.03186920736291
2015-03-03 10:45:00+05:30,98837.85051134386,0.024721817346289754,11.03186920736291
2015-03-03 11:00:00+05:30,98757.86945959047,0.024721817346289754,11.03186920736291
2015-03-03 11:15:00+05:30,98679.54318821822,0.024721817346289754,11.03186920736291
2015-03-03 11:30:00+05:30,98746.8375903831,0.024721817346289754,11.03186920736291
2015-03-03 11:45:00+05:30,98821.85430099319,0.024721817346289754,11.03186920736291
2015-03-03 12:00:00+05:30,98858.81106283786,0.024721817346289754,11.03186920736291
2015-03-03 12:15:00+05:30,98879.22002087146,0.024721817346289754,11.03186920736291
2015-03-03 12:30:00+05:30,98884.73595547515,0.024721817346289754,11.03186920736291
2015-03-03 12:45:00+05:30,99017.1183859635,0.024721817346289754,11.03186920736291
2015-03-03 13:00:00+05:30,99031.45981593308,0.024721817346289754,11.03186920736291
2015-03-03 13:15:00+05:30,99038.07893745751,0.024721817346289754,11.03186920736291
2015-03-03 13:30:00+05:30,99103.16696578094,0.024721817346289754,11.03186920736291
2015-03-03 13:45:00+05:30,98952.03035764006,0.024721817346289754,11.03186920736291
2015-03-03 14:00:00+05:30,99087.72234889065,0.024721817346289754,11.03186920736291
2015-03-03 14:15:00+05:30,99119.71476959198,0.024721817346289754,11.03186920736291
2015-03-03 14:30:00+05:30,99120.26636305235,0.024721817346289754,11.03186920736291
2015-03-03 14:45:00+05:30,99194.17988674168,0.024721817346289754,11.03186920736291
2015-03-03 15:00:00+05:30,99175.97730254954,0.024721817346289754,11.03186920736291
2015-03-03 15:15:00+05:30,99250.99401315961,0.024721817346289754,11.03186920736291
2015-03-04 09:15:00+05:30,100048.59815685193,0.024721817346289754,11.03186920736291
2015-03-04 09:30:00+05:30,100153.40091432189,0.024721817346289754,11.03186920736291
2015-03-04 09:45:00+05:30,100051.90771761416,0.024721817346289754,11.03186920736291
2015-03-04 10:00:00+05:30,100182.08377426103,0.024721817346289754,11.03186920736291
2015-03-04 10:15:00+05:30,100097.68997482471,0.024721817346289754,11.03186920736291
2015-03-04 10:30:00+05:30,100187.59970886471,0.024721817346289754,11.03186920736291
2015-03-04 10:45:00+05:30,100021.5700772939,0.024721817346289754,11.03186920736291
2015-03-04 11:00:00+05:30,100003.36749310176,0.024721817346289754,11.03186920736291
2015-03-04 11:15:00+05:30,99863.8143476286,0.024721817346289754,11.03186920736291
2015-03-04 11:30:00+05:30,99907.3902309977,0.024721817346289754,11.03186920736291
2015-03-04 11:45:00+05:30,99755.1504359361,0.024721817346289754,11.03186920736291
2015-03-04 12:00:00+05:30,99700.86233176992,99700.86233176992,0.0
2015-03-04 12:15:00+05:30,99700.86233176992,99700.86233176992,0.0
2015-03-04 12:30:00+05:30,99700.86233176992,99700.86233176992,0.0
2015-03-04 12:45:00+05:30,99700.86233176992,99700.86233176992,0.0
2015-03-04 13:00:00+05:30,99700.86233176992,99700.86233176992,0.0
2015-03-04 13:15:00+05:30,99700.86233176992,99700.86233176992,0.0
2015-03-04 13:30:00+05:30,99700.86233176992,99700.86233176992,0.0
2015-03-04 13:45:00+05:30,99700.86233176992,99700.86233176992,0.0
2015-03-04 14:00:00+05:30,99700.86233176992,99700.86233176992,0.0
2015-03-04 14:15:00+05:30,99700.86233176992,99700.86233176992,0.0
2015-03-04 14:30:00+05:30,99700.86233176992,99700.86233176992,0.0
2015-03-04 14:45:00+05:30,99700.86233176992,99700.86233176992,0.0
2015-03-04 15:00:00+05:30,99700.86233176992,99700.86233176992,0.0
2015-03-04 15:15:00+05:30,99700.86233176992,99700.86233176992,0.0
2015-03-05 09:15:00+05:30,99700.86233176992,99700.86233176992,0.0
2015-03-05 09:30:00+05:30,99700.86233176992,99700.86233176992,0.0
2015-03-05 09:45:00+05:30,99700.86233176992,99700.86233176992,0.0
2015-03-05 10:00:00+05:30,99700.86233176992,99700.86233176992,0.0
2015-03-05 10:15:00+05:30,99700.86233176992,99700.86233176992,0.0
2015-03-05 10:30:00+05:30,99700.86233176992,99700.86233176992,0.0
2015-03-05 10:45:00+05:30,99700.86233176992,99700.86233176992,0.0
2015-03-05 11:00:00+05:30,99700.86233176992,99700.86233176992,0.0
2015-03-05 11:15:00+05:30,99700.86233176992,99700.86233176992,0.0
2015-03-05 11:30:00+05:30,99700.86233176992,99700.86233176992,0.0
2015-03-05 11:45:00+05:30,99700.86233176992,99700.86233176992,0.0
2015-03-05 12:00:00+05:30,99700.86233176992,99700.86233176992,0.0
2015-03-05 12:15:00+05:30,99700.86233176992,99700.86233176992,0.0
2015-03-05 12:30:00+05:30,99700.86233176992,99700.86233176992,0.0
2015-03-05 12:45:00+05:30,99700.86233176992,99700.86233176992,0.0
2015-03-05 13:00:00+05:30,99700.86233176992,99700.86233176992,0.0
2015-03-05 13:15:00+05:30,99700.86233176992,99700.86233176992,0.0
2015-03-05 13:30:00+05:30,99700.86233176992,99700.86233176992,0.0
2015-03-05 13:45:00+05:30,99700.86233176992,99700.86233176992,0.0
2015-03-05 14:00:00+05:30,99700.86233176992,99700.86233176992,0.0
2015-03-05 14:15:00+05:30,99700.86233176992,99700.86233176992,0.0
2015-03-05 14:30:00+05:30,99700.86233176992,99700.86233176992,0.0
2015-03-05 14:45:00+05:30,99700.86233176992,99700.86233176992,0.0
2015-03-05 15:00:00+05:30,100050.58862145757,0.024925215577241033,11.176274003858557
2015-03-05 15:15:00+05:30,99890.7679032024,0.024925215577241033,11.176274003858557
2015-03-09 09:15:00+05:30,98678.70098748393,0.024925215577241033,11.176274003858557
2015-03-09 09:30:00+05:30,98533.40942543377,0.024925215577241033,11.176274003858557
2015-03-09 09:45:00+05:30,98491.96221329046,98491.96221329046,0.0
2015-03-09 10:00:00+05:30,98491.96221329046,98491.96221329046,0.0
2015-03-09 10:15:00+05:30,98491.96221329046,98491.96221329046,0.0
2015-03-09 10:30:00+05:30,98491.96221329046,98491.96221329046,0.0
2015-03-09 10:45:00+05:30,98491.96221329046,98491.96221329046,0.0
2015-03-09 11:00:00+05:30,98491.96221329046,98491.96221329046,0.0
2015-03-09 11:15:00+05:30,98491.96221329046,98491.96221329046,0.0
2015-03-09 11:30:00+05:30,98491.96221329046,98491.96221329046,0.0
2015-03-09 11:45:00+05:30,98491.96221329046,98491.96221329046,0.0
2015-03-09 12:00:00+05:30,98491.96221329046,98491.96221329046,0.0
2015-03-09 12:15:00+05:30,98491.96221329046,98491.96221329046,0.0
2015-03-09 12:30:00+05:30,98491.96221329046,98491.96221329046,0.0
2015-03-09 12:45:00+05:30,98491.96221329046,98491.96221329046,0.0
2015-03-09 13:00:00+05:30,98491.96221329046,98491.96221329046,0.0
2015-03-09 13:15:00+05:30,98491.96221329046,98491.96221329046,0.0
2015-03-09 13:30:00+05:30,98491.96221329046,98491.96221329046,0.0
2015-03-09 13:45:00+05:30,98491.96221329046,98491.96221329046,0.0
2015-03-09 14:00:00+05:30,98491.96221329046,98491.96221329046,0.0
2015-03-09 14:15:00+05:30,98491.96221329046,98491.96221329046,0.0
2015-03-09 14:30:00+05:30,98491.96221329046,98491.96221329046,0.0
2015-03-09 14:45:00+05:30,98491.96221329046,98491.96221329046,0.0
2015-03-09 15:00:00+05:30,98491.96221329046,98491.96221329046,0.0
2015-03-09 15:15:00+05:30,98491.96221329046,98491.96221329046,0.0
2015-03-10 09:15:00+05:30,98491.96221329046,98491.96221329046,0.0
2015-03-10 09:30:00+05:30,98491.96221329046,98491.96221329046,0.0
2015-03-10 09:45:00+05:30,98491.96221329046,98491.96221329046,0.0
2015-03-10 10:00:00+05:30,98491.96221329046,98491.96221329046,0.0
2015-03-10 10:15:00+05:30,98491.96221329046,98491.96221329046,0.0
2015-03-10 10:30:00+05:30,98491.96221329046,98491.96221329046,0.0
2015-03-10 10:45:00+05:30,98491.96221329046,98491.96221329046,0.0
2015-03-10 11:00:00+05:30,98491.96221329046,98491.96221329046,0.0
2015-03-10 11:15:00+05:30,98491.96221329046,98491.96221329046,0.0
2015-03-10 11:30:00+05:30,98491.96221329046,98491.96221329046,0.0
2015-03-10 11:45:00+05:30,98491.96221329046,98491.96221329046,0.0
2015-03-10 12:00:00+05:30,98491.96221329046,98491.96221329046,0.0
2015-03-10 12:15:00+05:30,98491.96221329046,98491.96221329046,0.0
2015-03-10 12:30:00+05:30,98491.96221329046,98491.96221329046,0.0
2015-03-10 12:45:00+05:30,98491.96221329046,98491.96221329046,0.0
2015-03-10 13:00:00+05:30,98491.96221329046,98491.96221329046,0.0
2015-03-10 13:15:00+05:30,98491.96221329046,98491.96221329046,0.0
2015-03-10 13:30:00+05:30,98491.96221329046,98491.96221329046,0.0
2015-03-10 13:45:00+05:30,98491.96221329046,98491.96221329046,0.0
2015-03-10 14:00:00+05:30,98491.96221329046,98491.96221329046,0.0
2015-03-10 14:15:00+05:30,98491.96221329046,98491.96221329046,0.0
2015-03-10 14:30:00+05:30,98491.96221329046,98491.96221329046,0.0
2015-03-10 14:45:00+05:30,98491.96221329046,98491.96221329046,0.0
2015-03-10 15:00:00+05:30,98491.96221329046,98491.96221329046,0.0
2015-03-10 15:15:00+05:30,98491.96221329046,98491.96221329046,0.0
2015-03-11 09:15:00+05:30,98491.96221329046,98491.96221329046,0.0
