time,signal_time,side,price,quantity,notional,fee
2015-01-19 14:00:00+05:30,2015-01-19 14:00:00+05:30,buy,8566.05,11.668155100658998,99950.0,49.975
2015-01-22 14:15:00+05:30,2015-01-22 14:15:00+05:30,sell,8735.05,11.668155100658998,101921.91821201137,50.96095910600569
2015-01-23 09:30:00+05:30,2015-01-23 09:30:00+05:30,buy,8852.8,11.501451152378786,101820.04676177891,50.910023380889456
2015-01-23 13:45:00+05:30,2015-01-23 13:45:00+05:30,sell,8809.7,11.501451152378786,101324.3342171114,50.66216710855571
2015-01-27 10:00:00+05:30,2015-01-27 10:00:00+05:30,buy,8857.3,11.428207317014165,101223.06066898955,50.61153033449477
2015-01-28 14:00:00+05:30,2015-01-28 14:00:00+05:30,sell,8900.7,11.428207317014165,101719.04486654798,50.85952243327399
2015-01-29 15:15:00+05:30,2015-01-29 15:15:00+05:30,buy,8954.05,11.348761349021707,101617.37655720781,50.80868827860391
2015-01-30 11:00:00+05:30,2015-01-30 11:00:00+05:30,sell,8903.85,11.348761349021707,101047.66873748694,50.52383436874347
2015-02-02 15:15:00+05:30,2015-02-02 15:15:00+05:30,buy,8797.1,11.474994229349532,100946.67173501076,50.473335867505384
2015-02-03 13:00:00+05:30,2015-02-03 13:00:00+05:30,sell,8737.4,11.474994229349532,100261.6145795186,50.130807289759304
2015-02-05 13:15:00+05:30,2015-02-05 13:15:00+05:30,buy,8778.2,11.410243930077996,100161.40326701068,50.08070163350534
2015-02-05 15:15:00+05:30,2015-02-05 15:15:00+05:30,sell,8708.0,11.410243930077996,99360.40414311919,49.68020207155959
2015-02-06 13:00:00+05:30,2015-02-06 13:00:00+05:30,buy,8714.65,11.390141155345072,99261.09361942792,49.63054680971396
2015-02-06 15:15:00+05:30,2015-02-06 15:15:00+05:30,sell,8654.75,11.390141155345072,98578.82416422277,49.28941208211138
2015-02-10 10:45:00+05:30,2015-02-10 10:45:00+05:30,buy,8601.3,11.449466336488436,98480.29480003798,49.24014740001899
2015-02-10 13:15:00+05:30,2015-02-10 13:15:00+05:30,sell,8569.2,11.449466336488436,98112.76693063672,49.05638346531836
2015-02-11 09:30:00+05:30,2015-02-11 09:30:00+05:30,buy,8608.3,11.386069643480306,98014.70331197152,49.00735165598576
2015-02-16 12:15:00+05:30,2015-02-16 12:15:00+05:30,sell,8823.1,11.386069643480306,100460.4310713911,50.23021553569555
2015-02-18 10:30:00+05:30,2015-02-18 10:30:00+05:30,buy,8853.2,11.336016384934634,100360.02025910332,50.18001012955166
2015-02-19 11:00:00+05:30,2015-02-19 11:00:00+05:30,sell,8839.1,11.336016384934634,100200.18242807573,50.10009121403787
2015-02-19 15:15:00+05:30,2015-02-19 15:15:00+05:30,buy,8905.35,11.240437757718485,100100.03238569832,50.05001619284916
2015-02-23 09:15:00+05:30,2015-02-20 15:30:00+05:30,sell,8856.85,11.240437757718485,99554.87115444896,49.77743557722448
2015-02-25 09:30:00+05:30,2015-02-25 09:30:00+05:30,buy,8828.2,11.265644887635123,99455.3661970204,49.7276830985102
2015-02-25 14:15:00+05:30,2015-02-25 14:15:00+05:30,sell,8771.4,11.265644887635123,98815.4775674027,49.407738783701355
2015-02-27 11:30:00+05:30,2015-02-27 11:30:00+05:30,buy,8748.4,11.283973258829757,98716.71165754624,49.35835582877312
2015-02-28 13:30:00+05:30,2015-02-28 13:30:00+05:30,sell,8771.5,11.283973258829757,98977.37143982522,49.48868571991261
2015-02-28 15:15:00+05:30,2015-02-28 15:15:00+05:30,buy,8908.8,11.098963215237312,98878.44349190616,49.439221745953084
2015-03-02 11:30:00+05:30,2015-03-02 11:30:00+05:30,sell,8914.05,11.098963215237312,98936.71304878616,49.46835652439308
2015-03-02 15:15:00+05:30,2015-03-02 15:15:00+05:30,buy,8959.3,11.03186920736291,98837.82578952651,49.41891289476326
2015-03-04 12:00:00+05:30,2015-03-04 12:00:00+05:30,sell,9042.05,11.03186920736291,99750.71296643579,49.8753564832179
2015-03-05 15:00:00+05:30,2015-03-05 15:00:00+05:30,buy,8916.3,11.176274003858557,99651.01190060405,49.82550595030202
2015-03-09 09:45:00+05:30,2015-03-09 09:45:00+05:30,sell,8817.0,11.176274003858557,98541.2078920209,49.27060394601045
