interpretation,case,matching_return_minus_equal,matching_drawdown_improvement,matching_sharpe_improvement,rebalance_return_minus_entry,rebalance_drawdown_improvement,rebalance_sharpe_improvement
end,combined_flat,0.036762191980728304,0.034780799694803605,3.0860588082028757,0.0005049151804728952,0.0005040003369762014,0.008540416256897831
end,combined_steep,0.0351505104338498,-0.003159204194052599,2.0716485304849934,0.00020366570408100054,0.0,0.002457905338640709
end,fee_2,0.027011899579176303,-0.0142356237580107,-0.07078543835029938,-0.0006877567347358046,0.0,-0.009415069976100865
end,near_0_9,0.020210905863922303,0.006259969723253898,0.7990771204881267,0.0002474496288096999,-3.803700475400046e-05,0.005174341861208097
end,near_1_1,0.033793062255902194,-0.018876706056147698,-1.6300336185499718,0.00022556976040030707,0.0,0.002664016167156058
end,primary,0.027650742372803,-0.014093102209492602,0.05468614724897369,-0.0008640114717195987,0.0,-0.012123342490821254
end,slip_10,0.0318863865447072,-0.0023566768725305012,1.2778395551800714,-0.0008826566599830993,-7.733018364489835e-05,-0.013340763255606305
end,slip_25,0.035970830030743695,0.0238146675907615,3.003162567214057,-0.0006903376843582984,-0.0001816621961526002,-0.01150024519572479
end,vol_1_0,0.044145959488095,-0.009407412040497,0.7669061174399245,-0.00041536353181630126,0.0,-0.0024487037643213805
end,vol_1_5,0.014124666393606301,-0.0116248184574895,-0.46368482159078184,0.0008298133781712985,0.0,0.012800988969669302
start,combined_flat,0.0568796780626483,0.0513226849904338,3.417431657152526,0.0005233007551289984,0.0005202354207672968,0.011231449392147486
start,combined_steep,0.0697991463972841,0.013548600068649302,2.4622297554247954,0.00037931220595209883,0.0,0.004518813797209503
start,fee_2,0.060632975309596604,-0.0098388891903187,0.4312709229913053,-0.0006809009670873944,0.0,-0.008060086935042454
start,near_0_9,0.0443404057378759,0.0118219322061359,1.296012277692821,0.0006690793253644987,0.0,0.014414685511901393
start,near_1_1,0.08468156070554,-0.017143116872713297,-1.0003951569858167,0.0004693634119793122,0.0,0.005396211385771288
start,primary,0.060767842043973896,-0.009462558164789098,0.5373772528141236,-0.0016347546390717976,0.0,-0.02068356975373531
start,slip_10,0.0577070434077827,0.0063739055839773,1.6154070828388951,-0.00022266132005550193,9.883046413679958e-05,-0.002806255973876959
start,slip_25,0.05535472421601391,0.0411062775812709,3.170345677142528,0.0012893126834395974,8.534059746010542e-05,0.01826354439857808
start,vol_1_0,0.07695826515765901,-0.0051550780066929,1.2407967705992011,0.00034809197317219043,0.0,0.013163378761466449
start,vol_1_5,0.044561486467408,-0.008700097859986199,0.01830833145209576,0.0008163413304379946,0.0,0.011890810808018903
