label,interpretation,period,benchmark,total_return,cagr,max_drawdown,sharpe_ratio,sortino_ratio,original_stage2_sharpe_zero_rf,mean_net_delta_exposure_fraction
SIMULATED comparison to Stage 2 proxy,start,IS,net,0.7160859147968404,0.08025207015378573,-0.18278470785388612,0.21544248298801907,0.30291136331271235,0.7044822211455345,0.5395401492683314
SIMULATED comparison to Stage 2 proxy,start,IS,buy_hold_net,1.1494659881313023,0.11558707174206141,-0.3881646594282766,0.38470738157226575,0.45973367566279194,0.728116117482225,0.9999997978463582
SIMULATED comparison to Stage 2 proxy,start,OOS,net,0.33163913586096117,0.08431919404095108,-0.12605916768327552,0.2772558887246111,0.43657952458669014,0.8919237203515966,0.5445362204193046
SIMULATED comparison to Stage 2 proxy,start,OOS,buy_hold_net,0.38555086881395395,0.09655086250359993,-0.17119028444786577,0.3129344524370368,0.43050378621324825,0.7464879280776135,0.9999997771257592
SIMULATED comparison to Stage 2 proxy,start,FULL,net,1.2852071646432397,0.08155600516011235,-0.18278470785388612,0.23203777913993645,0.3347078090983792,0.7545405539026615,0.5412232493415319
SIMULATED comparison to Stage 2 proxy,start,FULL,buy_hold_net,1.9955869592312427,0.1096878866053007,-0.3881646594282766,0.36556512653140144,0.4509459912489729,0.7328096237250677,0.9999998312206742
SIMULATED comparison to Stage 2 proxy,end,IS,net,0.4010499819760407,0.04938349382357331,-0.20704251911144456,-0.02133178470161143,-0.0302319891856625,0.4520867513975861,0.5403907137393442
SIMULATED comparison to Stage 2 proxy,end,IS,buy_hold_net,1.1473294441007642,0.11542899706306307,-0.38966765552793314,0.3797830519984833,0.4553306550399815,0.716324936429024,0.9999997976704621
SIMULATED comparison to Stage 2 proxy,end,OOS,net,0.07980171600119035,0.02193805141046057,-0.15760202833089942,-0.3259578510795597,-0.4781413852082206,0.2692005435705743,0.5493023440587694
SIMULATED comparison to Stage 2 proxy,end,OOS,buy_hold_net,0.3855171972609275,0.09654414508615874,-0.17133549497769973,0.3112788120912063,0.42891622269979096,0.7408753680637409,0.9999997770367837
SIMULATED comparison to Stage 2 proxy,end,FULL,net,0.5128561747411648,0.04005502855199979,-0.20704251911144456,-0.1084827971684557,-0.15480350964629613,0.39734116587590584,0.5433927020887787
SIMULATED comparison to Stage 2 proxy,end,FULL,buy_hold_net,1.9941009361539206,0.10963596625951569,-0.38966765552793314,0.3618167197267711,0.4469506446846791,0.7226703196393213,0.9999998310715049
