mark_time_Asia_Kolkata,equity_INR
2022-01-10 09:15:00,500000.0
2022-01-10 15:30:00,500034.329001572
2022-01-11 15:30:00,500178.0403564442
2022-01-12 15:30:00,500104.8381117458
2022-01-13 15:30:00,500137.2002487385
2022-01-14 15:30:00,500128.292735872
2022-01-17 15:30:00,500315.1131067359
2022-01-18 15:30:00,499839.1752322824
2022-01-19 15:30:00,499839.1752322824
2022-01-20 15:30:00,499839.1752322824
2022-01-21 15:30:00,499759.6118279217
2022-01-24 15:30:00,499759.6118279217
2022-01-25 15:30:00,499773.96652736346
2022-01-27 15:30:00,499744.9745945217
2022-01-28 15:30:00,499767.5964154163
2022-01-31 15:30:00,499769.0083329134
2022-02-01 15:30:00,500011.316232441
2022-02-02 15:30:00,500110.5449194413
2022-02-03 15:30:00,500096.80655697227
2022-02-04 15:30:00,500096.80655697227
2022-02-07 15:30:00,500096.80655697227
2022-02-08 15:30:00,500095.7934076024
2022-02-09 15:30:00,500157.618931825
2022-02-10 15:30:00,500243.9659574677
2022-02-11 15:30:00,500382.9083106085
2022-02-14 15:30:00,500353.32115636463
2022-02-15 15:30:00,500323.3473456573
2022-02-16 15:30:00,501390.1111618913
2022-02-17 15:30:00,501288.1081443789
2022-02-18 15:30:00,501260.2772740417
2022-02-21 15:30:00,501283.59271499136
2022-02-22 15:30:00,501306.8391260883
2022-02-23 15:30:00,501378.7369393627
2022-02-24 15:30:00,501378.7369393627
2022-02-25 15:30:00,501370.6506444902
2022-02-28 15:30:00,501409.951112459
2022-03-02 15:30:00,501548.4797990697
2022-03-03 15:30:00,501486.941426378
2022-03-04 15:30:00,501432.2301113005
2022-03-07 15:30:00,501356.13323213335
2022-03-08 15:30:00,501385.0779281555
2022-03-09 15:30:00,501459.1365320063
2022-03-10 15:30:00,501579.0130072831
2022-03-11 15:30:00,501569.7236032875
2022-03-14 15:30:00,501760.4277281624
2022-03-15 15:30:00,501934.18010490073
2022-03-16 15:30:00,501953.6437397426
2022-03-17 15:30:00,501801.4258162086
2022-03-21 15:30:00,501817.4301379795
2022-03-22 15:30:00,501850.3524614315
2022-03-23 15:30:00,501992.41436335945
2022-03-24 15:30:00,501992.41436335945
2022-03-25 15:30:00,501992.41436335945
2022-03-28 15:30:00,501994.27841143496
2022-03-29 15:30:00,502101.7949703445
2022-03-30 15:30:00,500582.7027327348
2022-03-31 15:30:00,500149.5441223781
2022-04-01 15:30:00,500181.1916246178
2022-04-04 15:30:00,500184.6177642171
2022-04-05 15:30:00,500299.7386723934
2022-04-06 15:30:00,500231.4770681525
2022-04-07 15:30:00,500171.3738326489
2022-04-08 15:30:00,500189.4992197093
2022-04-11 15:30:00,499970.7231389246
2022-04-12 15:30:00,499908.6730725378
2022-04-13 15:30:00,500098.5436467321
2022-04-18 15:30:00,500092.1249280169
2022-04-19 15:30:00,500018.7607556736
2022-04-20 15:30:00,499999.99151042185
2022-04-21 15:30:00,499980.3539683247
2022-04-22 15:30:00,500017.1188865131
2022-04-25 15:30:00,500017.1188865131
2022-04-26 15:30:00,500039.3167566927
2022-04-27 15:30:00,500160.7198739349
2022-04-28 15:30:00,500190.9015297359
2022-04-29 15:30:00,500339.0957598308
2022-05-02 15:30:00,500339.0957598308
2022-05-04 15:30:00,500339.0957598308
2022-05-05 15:30:00,500228.6923705199
2022-05-06 15:30:00,500228.6923705199
2022-05-09 15:30:00,500209.7474443436
2022-05-10 15:30:00,500220.2518737689
2022-05-11 15:30:00,500221.1487045698
2022-05-12 15:30:00,499917.9975456496
2022-05-13 15:30:00,499863.2427902668
2022-05-16 15:30:00,499863.2427902668
2022-05-17 15:30:00,499857.4009088977
2022-05-18 15:30:00,500736.08342470153
2022-05-19 15:30:00,500736.08342470153
2022-05-20 15:30:00,500773.8874492056
2022-05-23 15:30:00,501403.22592048015
2022-05-24 15:30:00,501403.22592048015
2022-05-25 15:30:00,501403.22592048015
2022-05-26 15:30:00,501425.6863424152
2022-05-27 15:30:00,501428.6676375542
2022-05-30 15:30:00,501677.1902457155
2022-05-31 15:30:00,501927.4722937888
2022-06-01 15:30:00,501947.7618539089
2022-06-02 15:30:00,501977.66383086063
2022-06-03 15:30:00,501750.54884116456
2022-06-06 15:30:00,501743.0130469908
2022-06-07 15:30:00,501551.4336952659
2022-06-08 15:30:00,501483.8624040816
2022-06-09 15:30:00,501512.08426482265
2022-06-10 15:30:00,501508.1613419782
2022-06-13 15:30:00,501508.1613419782
2022-06-14 15:30:00,501544.0614745142
2022-06-15 15:30:00,501484.155987728
2022-06-16 15:30:00,501484.155987728
2022-06-17 15:30:00,501448.2389886355
2022-06-20 15:30:00,501100.2687803643
2022-06-21 15:30:00,501127.4525658631
2022-06-22 15:30:00,501546.87028153
2022-06-23 15:30:00,501472.0582521847
2022-06-24 15:30:00,501688.43432355975
2022-06-27 15:30:00,501773.35919217137
2022-06-28 15:30:00,501800.7924990926
2022-06-29 15:30:00,501350.995247836
2022-06-30 15:30:00,501314.6770042327
2022-07-01 15:30:00,501323.6458970277
2022-07-04 15:30:00,501445.0952586782
2022-07-05 15:30:00,501490.4548996032
2022-07-06 15:30:00,501521.3608175015
2022-07-07 15:30:00,501726.5238106557
2022-07-08 15:30:00,501817.2147807454
2022-07-11 15:30:00,501961.58515712415
2022-07-12 15:30:00,501665.35131326097
2022-07-13 15:30:00,501665.35131326097
2022-07-14 15:30:00,501569.8412070504
2022-07-15 15:30:00,501597.46665873326
2022-07-18 15:30:00,501013.9319406062
2022-07-19 15:30:00,501174.6500019189
2022-07-20 15:30:00,500964.19918312767
2022-07-21 15:30:00,500646.0571324976
2022-07-22 15:30:00,500284.0656344987
2022-07-25 15:30:00,500203.79739463615
2022-07-26 15:30:00,500180.9578890007
2022-07-27 15:30:00,500214.29266703466
2022-07-28 15:30:00,500198.4976900772
2022-07-29 15:30:00,500042.6699458839
2022-08-01 15:30:00,499830.8313248908
2022-08-02 15:30:00,500079.2080808325
2022-08-03 15:30:00,500158.5841810886
2022-08-04 15:30:00,500121.36990736576
2022-08-05 15:30:00,500093.5764193858
2022-08-08 15:30:00,500121.8971148573
2022-08-10 15:30:00,500227.0499933596
2022-08-11 15:30:00,500236.8550499509
2022-08-12 15:30:00,500214.8632274391
2022-08-16 15:30:00,500191.60013078887
2022-08-17 15:30:00,500217.2045768126
2022-08-18 15:30:00,500245.5403411596
2022-08-19 15:30:00,500083.0243269882
2022-08-22 15:30:00,500083.0243269882
2022-08-23 15:30:00,500104.92467069696
2022-08-24 15:30:00,500100.564689984
2022-08-25 15:30:00,500067.8564550414
2022-08-26 15:30:00,500067.8564550414
2022-08-29 15:30:00,500059.4607145672
2022-08-30 15:30:00,500270.0842832099
2022-09-01 15:30:00,500706.6649560694
2022-09-02 15:30:00,500675.8568951716
2022-09-05 15:30:00,500775.1855502226
2022-09-06 15:30:00,500864.4634015333
2022-09-07 15:30:00,500845.0460639423
2022-09-08 15:30:00,500893.6847068729
2022-09-09 15:30:00,501021.7629658255
2022-09-12 15:30:00,501022.3881044048
2022-09-13 15:30:00,501127.3726065058
2022-09-14 15:30:00,501141.16741563095
2022-09-15 15:30:00,501177.715636315
2022-09-16 15:30:00,501177.715636315
2022-09-19 15:30:00,501175.8668773653
2022-09-20 15:30:00,501272.5306749616
2022-09-21 15:30:00,501225.9335722491
2022-09-22 15:30:00,501003.3208534076
2022-09-23 15:30:00,500935.4748986022
2022-09-26 15:30:00,500838.6616012029
2022-09-27 15:30:00,501051.5943225565
2022-09-28 15:30:00,500987.7929172287
2022-09-29 15:30:00,500916.8455358984
2022-09-30 15:30:00,500945.4326757236
2022-10-03 15:30:00,501235.2411371314
2022-10-04 15:30:00,501263.1222246324
2022-10-06 15:30:00,501970.7462288826
2022-10-07 15:30:00,501959.1647394685
2022-10-10 15:30:00,501942.3543016242
2022-10-11 15:30:00,501855.2173381005
2022-10-12 15:30:00,501865.47192632646
2022-10-13 15:30:00,501891.7113981864
2022-10-14 15:30:00,501916.2785289921
2022-10-17 15:30:00,501931.9450390996
2022-10-18 15:30:00,502025.94862269866
2022-10-19 15:30:00,502000.596495741
2022-10-20 15:30:00,502013.26413927577
2022-10-21 15:30:00,501985.1852437953
2022-10-25 15:30:00,501906.457483262
2022-10-27 15:30:00,502044.8513845697
2022-10-28 15:30:00,502009.0589139116
2022-10-31 15:30:00,502001.2843211482
2022-11-01 15:30:00,502121.77202523686
2022-11-02 15:30:00,502121.77202523686
2022-11-03 15:30:00,502121.77202523686
2022-11-04 15:30:00,502093.80687148776
2022-11-07 15:30:00,501883.1737727567
2022-11-09 15:30:00,501326.71347172576
2022-11-10 15:30:00,501326.71347172576
2022-11-11 15:30:00,501351.13162230846
2022-11-14 15:30:00,501678.5686487535
2022-11-15 15:30:00,501111.60175975424
2022-11-16 15:30:00,501080.10110652464
2022-11-17 15:30:00,500892.34954468615
2022-11-18 15:30:00,500886.5763656832
2022-11-21 15:30:00,500886.5763656832
2022-11-22 15:30:00,500911.437933124
2022-11-23 15:30:00,500965.1981886928
2022-11-24 15:30:00,500924.6393840961
2022-11-25 15:30:00,501226.4403882783
2022-11-28 15:30:00,501286.207063921
2022-11-29 15:30:00,501253.8410335423
2022-11-30 15:30:00,501286.6689591162
2022-12-01 15:30:00,501231.4282474985
2022-12-02 15:30:00,501206.530423613
2022-12-05 15:30:00,501245.4754182632
2022-12-06 15:30:00,501203.8951017241
2022-12-07 15:30:00,501137.55015520833
2022-12-08 15:30:00,501132.5954188083
2022-12-09 15:30:00,501074.1113494098
2022-12-12 15:30:00,501019.9521235492
2022-12-13 15:30:00,501053.0631518899
2022-12-14 15:30:00,501118.608930962
2022-12-15 15:30:00,501118.608930962
2022-12-16 15:30:00,501118.608930962
2022-12-19 15:30:00,501149.0230021989
2022-12-20 15:30:00,501212.32052702736
2022-12-21 15:30:00,501109.66092059726
2022-12-22 15:30:00,501109.66092059726
2022-12-23 15:30:00,501109.66092059726
2022-12-26 15:30:00,501131.7944832761
2022-12-27 15:30:00,501386.7472488707
2022-12-28 15:30:00,501504.4610317546
2022-12-29 15:30:00,501531.44110179314
2022-12-30 15:30:00,501468.4720218162
2023-01-02 15:30:00,501480.5122835972
2023-01-03 15:30:00,501537.8955671397
2023-01-04 15:30:00,501399.0675574901
2023-01-05 15:30:00,501555.56239455286
2023-01-06 15:30:00,501521.6225644532
2023-01-09 15:30:00,501540.5859770676
2023-01-10 15:30:00,501540.5859770676
2023-01-11 15:30:00,501540.5859770676
2023-01-12 15:30:00,501540.5859770676
2023-01-13 15:30:00,501567.548050396
2023-01-16 15:30:00,501546.14438193885
2023-01-17 15:30:00,501522.5514442628
2023-01-18 15:30:00,501617.89130635344
2023-01-19 15:30:00,501651.70066282526
2023-01-20 15:30:00,501593.0259329389
2023-01-23 15:30:00,501569.1114382612
2023-01-24 15:30:00,501527.7534480361
2023-01-25 15:30:00,501527.7534480361
2023-01-27 15:30:00,501527.7534480361
2023-01-30 15:30:00,501528.05953165615
2023-01-31 15:30:00,501532.973838831
2023-02-01 15:30:00,501540.1879199008
2023-02-02 15:30:00,501540.1879199008
2023-02-03 15:30:00,501573.6631628375
2023-02-06 15:30:00,501768.1690397037
2023-02-07 15:30:00,501778.71250801935
2023-02-08 15:30:00,501787.8049579936
2023-02-09 15:30:00,501644.25133362913
2023-02-10 15:30:00,501497.9879338951
2023-02-13 15:30:00,501472.2186928756
2023-02-14 15:30:00,501586.2864135707
2023-02-15 15:30:00,501721.4446223001
2023-02-16 15:30:00,501776.255134871
2023-02-17 15:30:00,501776.255134871
2023-02-20 15:30:00,501709.02311332285
2023-02-21 15:30:00,501628.16052396776
2023-02-22 15:30:00,501628.16052396776
2023-02-23 15:30:00,501628.16052396776
2023-02-24 15:30:00,501628.16052396776
2023-02-27 15:30:00,501638.0519298224
2023-02-28 15:30:00,501210.5546925819
2023-03-01 15:30:00,501225.6671214792
2023-03-02 15:30:00,501290.2649669614
2023-03-03 15:30:00,501323.49180368567
2023-03-06 15:30:00,501747.0323849101
2023-03-08 15:30:00,501766.73157638486
2023-03-09 15:30:00,501732.42348734464
2023-03-10 15:30:00,501732.42348734464
2023-03-13 15:30:00,501732.42348734464
2023-03-14 15:30:00,501732.42348734464
2023-03-15 15:30:00,501646.2142584584
2023-03-16 15:30:00,501552.671889144
2023-03-17 15:30:00,501458.1291846606
2023-03-20 15:30:00,501415.6042030584
2023-03-21 15:30:00,501500.8678907924
2023-03-22 15:30:00,501639.2412034387
2023-03-23 15:30:00,501688.6862430709
2023-03-24 15:30:00,501688.6862430709
2023-03-27 15:30:00,501633.9337955104
2023-03-28 15:30:00,501725.0612950688
2023-03-29 15:30:00,501688.7540833881
2023-03-31 15:30:00,501816.3816007825
2023-04-03 15:30:00,502242.06440087367
2023-04-05 15:30:00,502259.4595908231
2023-04-06 15:30:00,502303.7589719176
2023-04-10 15:30:00,502112.6671137047
2023-04-11 15:30:00,502067.4106036381
2023-04-12 15:30:00,502093.6379179446
2023-04-13 15:30:00,501983.7271021209
2023-04-17 15:30:00,501719.5165395711
2023-04-18 15:30:00,501475.3528924623
2023-04-19 15:30:00,501475.3528924623
2023-04-20 15:30:00,501475.3528924623
2023-04-21 15:30:00,501404.07684342016
2023-04-24 15:30:00,501492.1990134107
2023-04-25 15:30:00,501435.7743526798
2023-04-26 15:30:00,501441.5119837656
2023-04-27 15:30:00,501491.3810947074
2023-04-28 15:30:00,501400.8391898991
2023-05-02 15:30:00,501167.0224370999
2023-05-03 15:30:00,501269.7251455074
2023-05-04 15:30:00,501307.11449270137
2023-05-05 15:30:00,501269.4463773232
2023-05-08 15:30:00,501301.2683924765
2023-05-09 15:30:00,501482.7957721056
2023-05-10 15:30:00,501493.6182116801
2023-05-11 15:30:00,501518.8800662482
2023-05-12 15:30:00,501497.1751033359
2023-05-15 15:30:00,501559.1467255479
2023-05-16 15:30:00,501549.1251539149
2023-05-17 15:30:00,501549.1251539149
2023-05-18 15:30:00,501499.22723721154
2023-05-19 15:30:00,501524.6762413441
2023-05-22 15:30:00,501581.2956503744
2023-05-23 15:30:00,501610.1302136295
2023-05-24 15:30:00,501561.9494564988
2023-05-25 15:30:00,501577.7851856102
2023-05-26 15:30:00,501602.3597242646
2023-05-29 15:30:00,501678.8922002002
2023-05-30 15:30:00,501689.52220079786
2023-05-31 15:30:00,501673.77020065417
2023-06-01 15:30:00,501764.2811590096
2023-06-02 15:30:00,501758.2805434987
2023-06-05 15:30:00,501753.38629927527
2023-06-06 15:30:00,501754.99639777216
2023-06-07 15:30:00,501573.4548101533
2023-06-08 15:30:00,501643.4989853675
2023-06-09 15:30:00,501643.4989853675
2023-06-12 15:30:00,501646.22824656207
2023-06-13 15:30:00,501713.9818933061
2023-06-14 15:30:00,501762.6785443203
2023-06-15 15:30:00,501667.4990669831
2023-06-16 15:30:00,501699.5529208517
2023-06-19 15:30:00,501761.8202456319
2023-06-20 15:30:00,501807.3220130282
2023-06-21 15:30:00,501802.1048303874
2023-06-22 15:30:00,501771.314876187
2023-06-23 15:30:00,501690.3711590767
2023-06-26 15:30:00,501690.3711590767
2023-06-27 15:30:00,501732.3249633506
2023-06-28 15:30:00,501722.87774426176
2023-06-30 15:30:00,501705.59398968704
2023-07-03 15:30:00,501533.0570275812
2023-07-04 15:30:00,501485.0841746467
2023-07-05 15:30:00,501497.3833240235
2023-07-06 15:30:00,501525.22989814193
2023-07-07 15:30:00,501512.5409141058
2023-07-10 15:30:00,501448.47382114833
2023-07-11 15:30:00,501440.8654836318
2023-07-12 15:30:00,501440.8654836318
2023-07-13 15:30:00,501413.68740681896
2023-07-14 15:30:00,501450.38413257286
2023-07-17 15:30:00,501542.4655706253
2023-07-18 15:30:00,501525.2597945415
2023-07-19 15:30:00,501471.0594982882
2023-07-20 15:30:00,501435.8663118139
2023-07-21 15:30:00,501444.7082340434
2023-07-24 15:30:00,501363.6053633339
2023-07-25 15:30:00,501363.6053633339
2023-07-26 15:30:00,501376.95046124817
2023-07-27 15:30:00,501406.1574255074
2023-07-28 15:30:00,501406.1574255074
2023-07-31 15:30:00,501440.90880608
2023-08-01 15:30:00,501339.79045692337
2023-08-02 15:30:00,501339.79045692337
2023-08-03 15:30:00,501339.79045692337
2023-08-04 15:30:00,501355.4008136889
2023-08-07 15:15:00,501501.0643911745
2023-08-08 15:30:00,501413.8680420829
2023-08-09 15:30:00,501448.56979334936
2023-08-10 15:30:00,501415.9659286421
2023-08-11 15:30:00,501415.9659286421
2023-08-14 15:30:00,501441.5819645879
2023-08-16 15:30:00,501378.4447821902
2023-08-17 15:30:00,501241.4467834132
2023-08-18 15:30:00,501224.707533924
2023-08-21 15:30:00,501289.871627515
2023-08-22 15:30:00,501284.83426732593
2023-08-23 15:30:00,501297.1182403506
2023-08-24 15:30:00,501300.4559483967
2023-08-25 15:30:00,501300.4559483967
2023-08-28 15:30:00,501297.5109650411
2023-08-29 15:30:00,501372.9305575818
2023-08-30 15:30:00,501418.6322177614
2023-08-31 15:30:00,501418.6322177614
2023-09-01 15:30:00,501455.2543048431
2023-09-04 15:30:00,501398.1865147272
2023-09-05 15:30:00,501394.3779429482
2023-09-06 15:30:00,501322.3735830813
2023-09-07 15:30:00,501346.4902497908
2023-09-08 15:30:00,501401.6855437645
2023-09-11 15:30:00,501308.548498377
2023-09-12 15:30:00,501459.8554591116
2023-09-13 15:30:00,501203.8468710693
2023-09-14 15:30:00,501182.17518938
2023-09-15 15:30:00,501190.1806192754
2023-09-18 15:30:00,501130.3524779646
2023-09-20 15:30:00,501130.3524779646
2023-09-21 15:30:00,501130.3524779646
2023-09-22 15:30:00,501073.62803167856
2023-09-25 15:30:00,501070.0808817616
2023-09-26 15:30:00,501051.6334804224
2023-09-27 15:30:00,501087.2539849603
2023-09-28 15:30:00,501070.2584821123
2023-09-29 15:30:00,501096.5319407501
2023-10-03 15:30:00,501122.61185811687
2023-10-04 15:30:00,501060.0379230992
2023-10-05 15:30:00,501046.3347052176
2023-10-06 15:30:00,501027.79063252266
2023-10-09 15:30:00,501185.8399279981
2023-10-10 15:30:00,501219.2061338674
2023-10-11 15:30:00,501384.3400141968
2023-10-12 15:30:00,501443.7606615822
2023-10-13 15:30:00,501287.3317302362
2023-10-16 15:30:00,501337.4760359714
2023-10-17 15:30:00,501352.53330407984
2023-10-18 15:30:00,501352.53330407984
2023-10-19 15:30:00,501318.8794071712
2023-10-20 15:30:00,501307.3167790811
2023-10-23 15:30:00,501307.3167790811
2023-10-25 15:30:00,501307.3167790811
2023-10-26 15:30:00,501307.3167790811
2023-10-27 15:30:00,501335.23094538494
2023-10-30 15:30:00,501694.9180434322
2023-10-31 15:30:00,501711.8066662405
2023-11-01 15:30:00,501639.3409856352
2023-11-02 15:30:00,501646.2489076825
2023-11-03 15:30:00,501794.2679587015
2023-11-06 15:30:00,501878.4320420327
2023-11-07 15:30:00,502035.2478629159
2023-11-08 15:30:00,502036.0707973653
2023-11-09 15:30:00,501980.0025562586
2023-11-10 15:30:00,502004.5536264733
2023-11-13 15:30:00,502053.4383396405
2023-11-15 15:30:00,502061.4371647965
2023-11-16 15:30:00,502265.4161332621
2023-11-17 15:30:00,502308.6670941004
2023-11-20 15:30:00,502308.6670941004
2023-11-21 15:30:00,502313.80761497887
2023-11-22 15:30:00,502335.30375899066
2023-11-23 15:30:00,502331.8836208648
2023-11-24 15:30:00,502331.8836208648
2023-11-28 15:30:00,502367.6206754471
2023-11-29 15:30:00,501791.82041247067
2023-11-30 15:30:00,501753.5701937333
2023-12-01 15:30:00,501809.6088759669
2023-12-04 15:30:00,501472.6428298229
2023-12-05 15:30:00,501743.6620093064
2023-12-06 15:30:00,501705.7281560532
2023-12-07 15:30:00,501706.0564212388
2023-12-08 15:30:00,501663.4276059785
2023-12-11 15:30:00,501740.12067204
2023-12-12 15:30:00,501739.3822174652
2023-12-13 15:30:00,501764.1392690765
2023-12-14 15:30:00,501731.87921680015
2023-12-15 15:30:00,501598.44436769467
2023-12-18 15:30:00,501672.3269613533
2023-12-19 15:30:00,501672.69089294574
2023-12-20 15:30:00,501664.0800474177
2023-12-21 15:30:00,501693.30961088487
2023-12-22 15:30:00,501751.0636033637
2023-12-26 15:30:00,501775.1636012674
2023-12-27 15:30:00,501786.863950018
2023-12-28 15:30:00,501862.08149796986
2023-12-29 15:30:00,501872.71281205706
2024-01-01 15:30:00,501835.76278578886
2024-01-02 15:30:00,501852.12077229127
2024-01-03 15:30:00,501835.44701772055
2024-01-04 15:30:00,501850.7610368358
2024-01-05 15:30:00,501851.031031978
2024-01-08 15:30:00,501718.7946218758
2024-01-09 15:30:00,501653.06881625263
2024-01-10 15:30:00,501656.8147909727
2024-01-11 15:30:00,501716.2187814318
2024-01-12 15:30:00,501661.511352525
2024-01-15 15:30:00,501730.6117001071
2024-01-16 15:30:00,501717.0854127625
2024-01-17 15:30:00,501717.0854127625
2024-01-18 15:30:00,501667.11098119634
2024-01-19 15:30:00,501630.1770686264
2024-01-20 15:30:00,501575.30955958425
2024-01-23 15:30:00,501575.30955958425
2024-01-24 15:30:00,501601.32962527504
2024-01-25 15:30:00,501684.4236447577
2024-01-29 15:30:00,501716.4156270269
2024-01-30 15:30:00,502101.0101914065
2024-01-31 15:30:00,502126.7309658563
2024-02-01 15:30:00,502242.1279511217
2024-02-02 15:30:00,502207.8253996499
2024-02-05 15:30:00,502073.6129810912
2024-02-06 15:30:00,502094.5049484603
2024-02-07 15:30:00,502186.3159949523
2024-02-08 15:30:00,502101.2044436791
2024-02-09 15:30:00,502106.6827267972
2024-02-12 15:30:00,502169.3209030893
2024-02-13 15:30:00,502170.3617919287
2024-02-14 15:30:00,502019.9637769465
2024-02-15 15:30:00,501995.7887911127
2024-02-16 15:30:00,502017.4621500151
2024-02-19 15:30:00,501524.4828824292
2024-02-20 15:30:00,501546.2757638704
2024-02-21 15:30:00,501496.1595760479
2024-02-22 15:30:00,501519.52718158177
2024-02-23 15:30:00,501222.0493549428
2024-02-26 15:30:00,501201.04577390425
2024-02-27 15:30:00,501260.8408333213
2024-02-28 15:30:00,500785.68248111405
2024-02-29 15:30:00,500807.0745494962
2024-03-01 15:30:00,500723.5796402219
2024-03-02 12:30:00,500928.713893693
2024-03-04 15:30:00,500904.9505836419
2024-03-05 15:30:00,500878.5362604478
2024-03-06 15:30:00,500835.0065305661
2024-03-07 15:30:00,500901.1045968073
2024-03-11 15:30:00,500842.327154194
2024-03-12 15:30:00,500842.327154194
2024-03-13 15:30:00,500842.327154194
2024-03-14 15:30:00,500834.2470093489
2024-03-15 15:30:00,500853.5476074445
2024-03-18 15:30:00,501051.7347553015
2024-03-19 15:30:00,500991.4055963182
2024-03-20 15:30:00,500984.8415046538
2024-03-21 15:30:00,501019.67897856457
2024-03-22 15:30:00,501016.0392604329
2024-03-26 15:30:00,501050.0082353553
2024-03-27 15:30:00,501047.71539636265
2024-03-28 15:30:00,501063.21260849136
2024-04-01 15:30:00,501295.91566051287
2024-04-02 15:30:00,501295.91566051287
2024-04-03 15:30:00,501321.7237543482
2024-04-04 15:30:00,501315.95614771626
2024-04-05 15:30:00,501326.1008637405
2024-04-08 15:30:00,501354.7172043253
2024-04-09 15:30:00,501427.62150611024
2024-04-10 15:30:00,501440.0045829282
2024-04-12 15:30:00,501461.63885915215
2024-04-15 15:30:00,501461.63885915215
2024-04-16 15:30:00,501461.63885915215
2024-04-18 15:30:00,501293.1721760011
2024-04-19 15:30:00,501317.3079292889
2024-04-22 15:30:00,501217.5890835742
2024-04-23 15:30:00,501401.37795297866
2024-04-24 15:30:00,501080.1943935822
2024-04-25 15:30:00,501102.7033310275
2024-04-26 15:30:00,501091.8459076375
2024-04-29 15:30:00,501124.3443843625
2024-04-30 15:30:00,501207.627265203
2024-05-02 15:30:00,501209.9757930357
2024-05-03 15:30:00,501119.202134245
2024-05-06 15:30:00,500994.2773991818
2024-05-07 15:30:00,500994.2773991818
2024-05-08 15:30:00,500960.70273091376
2024-05-09 15:30:00,500960.70273091376
2024-05-10 15:30:00,500950.07306237705
2024-05-13 15:30:00,500831.84048870095
2024-05-14 15:30:00,500871.7562775921
2024-05-15 15:30:00,500917.3054978568
2024-05-16 15:30:00,500800.801305692
2024-05-17 15:30:00,500783.4634054817
2024-05-18 12:30:00,500786.8804058702
2024-05-21 15:30:00,500793.1630547011
2024-05-22 15:30:00,500839.66384225467
2024-05-23 15:30:00,500596.4385477437
2024-05-24 15:30:00,500986.4829527671
2024-05-27 15:30:00,501098.8690257207
2024-05-28 15:30:00,501098.8690257207
2024-05-29 15:30:00,501098.8690257207
2024-05-30 15:30:00,501098.8690257207
2024-05-31 15:30:00,501094.5584661341
2024-06-03 15:30:00,500732.75041715713
2024-06-04 15:30:00,502328.8418701364
2024-06-05 15:30:00,505649.3665807242
2024-06-06 15:30:00,506143.65405103855
2024-06-07 15:30:00,506183.5578326742
2024-06-10 15:30:00,506389.79798827873
2024-06-11 15:30:00,506355.0423516446
2024-06-12 15:30:00,506446.614183854
2024-06-13 15:30:00,506446.614183854
2024-06-14 15:30:00,506444.1487846116
2024-06-18 15:30:00,506782.0927687355
2024-06-19 15:30:00,506870.00686897687
2024-06-20 15:30:00,506984.22086204495
2024-06-21 15:30:00,507035.2618601011
2024-06-24 15:30:00,507048.8897108491
2024-06-25 15:30:00,507060.06780828873
2024-06-26 15:30:00,507157.3920064897
2024-06-27 15:30:00,507205.61962980765
2024-06-28 15:30:00,507295.978129849
2024-07-01 15:30:00,507285.6306640006
2024-07-02 15:30:00,507314.49861659145
2024-07-03 15:30:00,507411.40550707816
2024-07-04 15:30:00,507388.9406430996
2024-07-05 15:30:00,507368.2934168273
2024-07-08 15:30:00,507381.5393289527
2024-07-09 15:30:00,507284.0647533539
2024-07-10 15:30:00,506695.46415912354
2024-07-11 15:30:00,506745.8236289301
2024-07-12 15:30:00,506788.5533852165
2024-07-15 15:30:00,506865.31808555714
2024-07-16 15:30:00,506860.9424761445
2024-07-18 15:30:00,506903.77967192646
2024-07-19 15:30:00,506933.40971964
2024-07-22 15:30:00,506933.40971964
2024-07-23 15:30:00,506892.8074870207
2024-07-24 15:30:00,506711.1464942539
2024-07-25 15:30:00,506838.6650247277
2024-07-26 15:30:00,506758.5362396431
2024-07-29 15:30:00,507329.8797824835
2024-07-30 15:30:00,507268.92066174257
2024-07-31 15:30:00,507370.7736246151
2024-08-01 15:30:00,507404.0935622967
2024-08-02 15:30:00,507404.0935622967
2024-08-05 15:30:00,507369.0647409894
2024-08-06 15:30:00,508476.2222078727
2024-08-07 15:30:00,508495.1564831309
2024-08-08 15:30:00,508615.9455587065
2024-08-09 15:30:00,508612.3066355048
2024-08-12 15:30:00,508748.5528568927
2024-08-13 15:30:00,508748.5528568927
2024-08-14 15:30:00,508748.5528568927
2024-08-16 15:30:00,508694.7360357555
2024-08-19 15:30:00,509145.319478633
2024-08-20 15:30:00,509133.3475599597
2024-08-21 15:30:00,509052.3186265552
2024-08-22 15:30:00,509110.7274534011
2024-08-23 15:30:00,509149.7659576985
2024-08-26 15:30:00,509166.7120491566
2024-08-27 15:30:00,509283.3505314776
2024-08-28 15:30:00,508855.09091874247
2024-08-29 15:30:00,508883.18438536976
2024-08-30 15:30:00,508964.4544871731
2024-09-02 15:30:00,509078.3726159176
2024-09-03 15:30:00,509059.7916177293
2024-09-04 15:30:00,508785.2260305068
2024-09-05 15:30:00,507583.01732028485
2024-09-06 15:30:00,507583.01732028485
2024-09-09 15:30:00,507587.7605406645
2024-09-10 15:30:00,507461.076846569
2024-09-11 15:30:00,507315.2232038928
2024-09-12 15:30:00,507323.2750000362
2024-09-13 15:30:00,507436.3809713729
2024-09-16 15:30:00,507463.8589178097
2024-09-17 15:30:00,507109.4490137128
2024-09-18 15:30:00,507100.9960100906
2024-09-19 15:30:00,506998.8872356672
2024-09-20 15:30:00,506998.93232092087
2024-09-23 15:30:00,507333.8181250327
2024-09-24 15:30:00,507357.00765178015
2024-09-25 15:30:00,507335.2627611492
2024-09-26 15:30:00,507358.7222049428
2024-09-27 15:30:00,507409.5802998616
2024-09-30 15:30:00,507409.5802998616
2024-10-01 15:30:00,507409.5802998616
2024-10-03 15:30:00,507409.5802998616
2024-10-04 15:30:00,507206.70031590894
2024-10-07 15:30:00,507206.70031590894
2024-10-08 15:30:00,507238.0112694626
2024-10-09 15:30:00,507224.9508516769
2024-10-10 15:30:00,507224.9508516769
2024-10-11 15:30:00,507224.9508516769
2024-10-14 15:30:00,507254.3655723484
2024-10-15 15:30:00,507027.80653643154
2024-10-16 15:30:00,506978.351233757
2024-10-17 15:30:00,506926.7764662978
2024-10-18 15:30:00,506931.9668126575
2024-10-21 15:30:00,507043.9795451735
2024-10-22 15:30:00,506940.7496437402
2024-10-23 15:30:00,506862.9611763641
2024-10-24 15:30:00,506862.9611763641
2024-10-25 15:30:00,506862.9611763641
2024-10-28 15:30:00,506884.1781231382
2024-10-29 15:30:00,506919.4372850141
2024-10-30 15:30:00,506985.96546089655
2024-10-31 15:30:00,506985.96546089655
2024-11-04 15:30:00,506994.2003888103
2024-11-05 15:30:00,506561.0884585788
2024-11-06 15:30:00,506528.435041424
2024-11-07 15:30:00,506887.8145599232
2024-11-08 15:30:00,506887.8145599232
2024-11-11 15:30:00,506872.9959003785
2024-11-12 15:30:00,506872.9959003785
2024-11-13 15:30:00,506872.9959003785
2024-11-14 15:30:00,506868.82125959854
2024-11-18 15:30:00,506860.730783894
2024-11-19 15:30:00,506923.9488265928
2024-11-21 15:30:00,506923.9488265928
2024-11-22 15:30:00,506933.423483046
2024-11-25 15:30:00,507704.3923396286
2024-11-26 15:30:00,507612.073506755
2024-11-27 15:30:00,507595.0966021913
2024-11-28 15:30:00,507595.0966021913
2024-11-29 15:30:00,507613.899750951
2024-12-02 15:30:00,507778.3234962329
2024-12-03 15:30:00,507820.2274859259
2024-12-04 15:30:00,507894.5812640254
2024-12-05 15:30:00,507913.2057533516
2024-12-06 15:30:00,507904.1523902724
2024-12-09 15:30:00,507926.42603725067
2024-12-10 15:30:00,507866.6441172583
2024-12-11 15:30:00,507859.3069799483
2024-12-12 15:30:00,507849.8226418411
2024-12-13 15:30:00,507876.4001649788
2024-12-16 15:30:00,507866.4311301496
2024-12-17 15:30:00,507866.4311301496
2024-12-18 15:30:00,507866.4311301496
2024-12-19 15:30:00,507866.4311301496
2024-12-20 15:30:00,507866.4311301496
2024-12-23 15:30:00,507801.5813759843
2024-12-24 15:30:00,507259.1547437288
2024-12-26 15:30:00,507259.1547437288
2024-12-27 15:30:00,507250.679750917
2024-12-30 15:30:00,507206.9897272545
2024-12-31 15:30:00,507227.14835429663
2025-01-01 15:30:00,507183.8644636146
2025-01-02 15:30:00,506950.35745013074
2025-01-03 15:30:00,507449.0923941792
2025-01-06 15:30:00,507449.0923941792
2025-01-07 15:30:00,507405.3630079185
2025-01-08 15:30:00,507399.178387221
2025-01-09 15:30:00,507403.2171577849
2025-01-10 15:30:00,507359.9401366066
2025-01-13 15:30:00,507320.4001356288
2025-01-14 15:30:00,507308.5907199998
2025-01-15 15:30:00,507267.52771766135
2025-01-16 15:30:00,507270.4382659609
2025-01-17 15:30:00,507055.24497033167
2025-01-20 15:30:00,507228.54298488086
2025-01-21 15:30:00,507162.26192960265
2025-01-22 15:30:00,507157.2198113889
2025-01-23 15:30:00,507213.9478806399
2025-01-24 15:30:00,507244.17898687656
2025-01-27 15:30:00,507244.17898687656
2025-01-28 15:30:00,507251.505107414
2025-01-29 15:30:00,507378.9654225006
2025-01-30 15:30:00,507539.00256154255
2025-01-31 15:30:00,507570.8830455033
2025-02-01 15:30:00,507323.1895145279
2025-02-03 15:30:00,507222.42835441313
2025-02-04 15:30:00,506988.9670159784
2025-02-05 15:30:00,507339.3350502341
2025-02-06 15:30:00,507339.3350502341
2025-02-07 15:30:00,507262.7117084281
2025-02-10 15:30:00,507262.7117084281
2025-02-11 15:30:00,507262.7117084281
2025-02-12 15:30:00,507264.3183819536
2025-02-13 15:30:00,507304.0245962043
2025-02-14 15:30:00,507304.0245962043
2025-02-17 15:30:00,507309.6241256514
2025-02-18 15:30:00,507199.6414277151
2025-02-19 15:30:00,506986.68846788513
2025-02-20 15:30:00,506986.68846788513
2025-02-21 15:30:00,506986.68846788513
2025-02-24 15:30:00,506986.68846788513
2025-02-25 15:30:00,506944.7902298512
2025-02-27 15:30:00,506928.28260749456
2025-02-28 15:30:00,506928.28260749456
2025-03-03 15:30:00,506937.6904830006
2025-03-04 15:30:00,506667.9952918182
2025-03-05 15:30:00,506726.64672120445
2025-03-06 15:30:00,506997.450491653
2025-03-07 15:30:00,506696.7176992406
2025-03-10 15:30:00,506752.0712396741
2025-03-11 15:30:00,506776.2186373916
2025-03-12 15:30:00,506816.4611186103
2025-03-13 15:30:00,506765.3714134429
2025-03-17 15:30:00,506745.1041088889
2025-03-18 15:30:00,506886.8219080239
2025-03-19 15:30:00,507287.6008887565
2025-03-20 15:30:00,507058.1520404916
2025-03-21 15:30:00,507021.8360443588
2025-03-24 15:30:00,506640.7393336054
2025-03-25 15:30:00,506902.4021223012
2025-03-26 15:30:00,506902.4021223012
2025-03-27 15:30:00,506901.0096599788
2025-03-28 15:30:00,506735.7403206477
2025-04-01 15:30:00,506735.7403206477
2025-04-02 15:30:00,506757.15248136094
2025-04-03 15:30:00,506287.19852514367
2025-04-04 15:30:00,506287.19852514367
2025-04-07 15:30:00,506298.08790629846
2025-04-08 15:30:00,507258.2266296161
2025-04-09 15:30:00,507447.9241244773
2025-04-11 15:30:00,507590.5007165829
2025-04-15 15:30:00,507587.9952231582
2025-04-16 15:30:00,507605.21740517294
2025-04-17 15:30:00,507612.7618500815
2025-04-21 15:30:00,507839.7006588485
2025-04-22 15:30:00,507812.7079664166
2025-04-23 15:30:00,507736.5584567258
2025-04-24 15:30:00,507784.6031692388
2025-04-25 15:30:00,507762.1868315918
2025-04-28 15:30:00,508091.3784400688
2025-04-29 15:30:00,508154.65266118577
2025-04-30 15:30:00,508217.7649646879
2025-05-02 15:30:00,508296.7495923911
2025-05-05 15:30:00,508307.532980512
2025-05-06 15:30:00,508306.6164608648
2025-05-07 15:30:00,508306.6164608648
2025-05-08 15:30:00,508281.27549272095
2025-05-09 15:30:00,508281.27549272095
2025-05-12 15:30:00,508309.1543746043
2025-05-13 15:30:00,508247.7505607075
2025-05-14 15:30:00,508195.81481191725
2025-05-15 15:30:00,508208.3947509769
2025-05-16 15:30:00,508145.4535026157
2025-05-19 15:30:00,508023.17776836985
2025-05-20 15:30:00,508023.17776836985
2025-05-21 15:30:00,507952.0932608628
2025-05-22 15:30:00,507952.0932608628
2025-05-23 15:30:00,507986.3013386413
2025-05-26 15:30:00,508143.0324029115
2025-05-27 15:30:00,507996.12653442926
2025-05-28 15:30:00,507996.12653442926
2025-05-29 15:30:00,507996.12653442926
2025-05-30 15:30:00,507929.6001646381
2025-06-02 15:30:00,508017.67187815066
2025-06-03 15:30:00,508025.4758547072
2025-06-04 15:30:00,508030.9092372662
2025-06-05 15:30:00,508075.24416118383
2025-06-06 15:30:00,508091.07360671175
2025-06-09 15:30:00,508194.05585863424
2025-06-10 15:30:00,508178.3360608753
2025-06-11 15:30:00,506679.829377665
2025-06-12 15:30:00,506679.829377665
2025-06-13 15:30:00,506689.2823706632
2025-06-16 15:30:00,506501.5701835598
2025-06-17 15:30:00,506661.0472166515
2025-06-18 15:30:00,506661.0472166515
2025-06-19 15:30:00,506624.8852262868
2025-06-20 15:30:00,506694.1991176538
2025-06-23 15:30:00,506981.14553932287
2025-06-24 15:30:00,506924.189614905
2025-06-25 15:30:00,506943.7298102893
2025-06-26 15:30:00,506935.8633506532
2025-06-27 15:30:00,507067.5064213003
2025-06-30 15:30:00,507191.6532014312
2025-07-01 15:30:00,507174.3483664767
2025-07-02 15:30:00,507151.7754605595
2025-07-03 15:30:00,507127.5864025765
2025-07-04 15:30:00,507148.5516815281
2025-07-07 15:30:00,507209.6634005624
2025-07-08 15:30:00,507132.2628747616
2025-07-09 15:30:00,507140.55501571926
2025-07-10 15:30:00,507140.55501571926
2025-07-11 15:30:00,507140.55501571926
2025-07-14 15:30:00,507140.55501571926
2025-07-15 15:30:00,507142.7226989351
2025-07-16 15:30:00,507137.7968525892
2025-07-17 15:30:00,507051.1693130242
2025-07-18 15:30:00,507037.98907435976
2025-07-21 15:30:00,507224.7719515215
2025-07-22 15:30:00,506939.2785558125
2025-07-23 15:30:00,506975.0895663888
2025-07-24 15:30:00,507002.2513484113
2025-07-25 15:30:00,507002.2513484113
