label,year,start_equity,end_equity,total_return,first_mark,last_mark
SIMULATED,2015,500000.0,484019.745787723,-0.031960508424554,2015-01-09 09:30:00+05:30,2015-12-31 15:30:00+05:30
SIMULATED,2016,484019.745787723,471906.36434381886,-0.025026626598032897,2016-01-01 09:30:00+05:30,2016-12-30 15:30:00+05:30
SIMULATED,2017,471906.36434381886,463081.97733460425,-0.01869944479660668,2017-01-02 09:30:00+05:30,2017-12-29 15:30:00+05:30
SIMULATED,2018,463081.97733460425,456434.81743534224,-0.014354175339583608,2018-01-01 09:30:00+05:30,2018-12-31 15:30:00+05:30
SIMULATED,2019,456434.81743534224,448126.45718180103,-0.01820273111552928,2019-01-01 09:30:00+05:30,2019-12-31 15:30:00+05:30
SIMULATED,2020,448126.45718180103,437497.85120887816,-0.023717872048360067,2020-01-01 09:30:00+05:30,2020-12-31 15:30:00+05:30
SIMULATED,2021,437497.85120887816,428631.147997112,-0.020266849739412396,2021-01-01 09:30:00+05:30,2021-12-31 15:30:00+05:30
SIMULATED,2022,428631.147997112,416066.853158963,-0.029312603381389524,2022-01-03 09:30:00+05:30,2022-12-30 15:30:00+05:30
SIMULATED,2023,416066.853158963,412297.6702394013,-0.00905908002751099,2023-01-02 09:30:00+05:30,2023-12-29 15:30:00+05:30
SIMULATED,2024,412297.6702394013,405248.83879422443,-0.017096461983605038,2024-01-01 09:30:00+05:30,2024-12-31 15:30:00+05:30
SIMULATED,2025,405248.83879422443,401347.66939190443,-0.009626602296819664,2025-01-01 09:30:00+05:30,2025-07-25 15:30:00+05:30
