trade,entry_time,entry_price,exit_time,exit_price,gross_pnl,entry_cost,exit_cost,total_cost,net_pnl
1,2015-01-19 14:00:00,8566.05,2015-01-22 14:15:00,8735.05,169.0,0.0,0.0,0.0,169.0
2,2015-01-23 09:30:00,8852.8,2015-01-23 13:45:00,8809.7,-43.099999999998545,0.0,0.0,0.0,-43.099999999998545
3,2015-01-27 10:00:00,8857.3,2015-01-28 14:00:00,8900.7,43.400000000001455,0.0,0.0,0.0,43.400000000001455
4,2015-01-29 15:15:00,8954.05,2015-01-30 11:00:00,8903.85,-50.19999999999891,0.0,0.0,0.0,-50.19999999999891
5,2015-02-02 15:15:00,8797.1,2015-02-03 13:00:00,8737.4,-59.70000000000073,0.0,0.0,0.0,-59.70000000000073
6,2015-02-05 13:15:00,8778.2,2015-02-05 15:15:00,8708.0,-70.20000000000073,0.0,0.0,0.0,-70.20000000000073
7,2015-02-06 13:00:00,8714.65,2015-02-06 15:15:00,8654.75,-59.899999999999636,0.0,0.0,0.0,-59.899999999999636
8,2015-02-10 10:45:00,8601.3,2015-02-10 13:15:00,8569.2,-32.099999999998545,0.0,0.0,0.0,-32.099999999998545
9,2015-02-11 09:30:00,8608.3,2015-02-16 12:15:00,8823.1,214.8000000000011,0.0,0.0,0.0,214.8000000000011
10,2015-02-18 10:30:00,8853.2,2015-02-19 11:00:00,8839.1,-14.100000000000364,0.0,0.0,0.0,-14.100000000000364
11,2015-02-19 15:15:00,8905.35,2015-02-23 09:15:00,8856.85,-48.5,0.0,0.0,0.0,-48.5
12,2015-02-25 09:30:00,8828.2,2015-02-25 14:15:00,8771.4,-56.80000000000109,0.0,0.0,0.0,-56.80000000000109
13,2015-02-27 11:30:00,8748.4,2015-02-28 13:30:00,8771.5,23.100000000000364,0.0,0.0,0.0,23.100000000000364
14,2015-02-28 15:15:00,8908.8,2015-03-02 11:30:00,8914.05,5.25,0.0,0.0,0.0,5.25
15,2015-03-02 15:15:00,8959.3,2015-03-04 12:00:00,9042.05,82.75,0.0,0.0,0.0,82.75
16,2015-03-05 15:00:00,8916.3,2015-03-09 09:45:00,8817.0,-99.29999999999927,0.0,0.0,0.0,-99.29999999999927
17,2015-03-11 10:15:00,8739.85,2015-03-13 10:45:00,8739.75,-0.1000000000003638,0.0,0.0,0.0,-0.1000000000003638
18,2015-03-17 09:30:00,8675.8,2015-03-17 13:00:00,8664.4,-11.399999999999636,0.0,0.0,0.0,-11.399999999999636
19,2015-03-18 10:15:00,8710.95,2015-03-18 14:45:00,8673.35,-37.600000000000364,0.0,0.0,0.0,-37.600000000000364
20,2015-03-19 09:45:00,8775.6,2015-03-19 11:15:00,8741.05,-34.55000000000109,0.0,0.0,0.0,-34.55000000000109
21,2015-03-24 11:00:00,8582.1,2015-03-25 09:45:00,8549.65,-32.45000000000073,0.0,0.0,0.0,-32.45000000000073
22,2015-03-27 15:00:00,8354.3,2015-04-01 11:30:00,8484.2,129.90000000000146,0.0,0.0,0.0,129.90000000000146
23,2015-04-01 13:30:00,8530.95,2015-04-10 13:15:00,8748.15,217.1999999999989,0.0,0.0,0.0,217.1999999999989
24,2015-04-13 10:45:00,8780.3,2015-04-15 10:45:00,8804.95,24.650000000001455,0.0,0.0,0.0,24.650000000001455
25,2015-04-15 14:45:00,8830.3,2015-04-16 09:45:00,8732.6,-97.69999999999891,0.0,0.0,0.0,-97.69999999999891
26,2015-04-21 13:00:00,8447.05,2015-04-21 15:00:00,8390.05,-57.0,0.0,0.0,0.0,-57.0
27,2015-04-22 15:15:00,8440.6,2015-04-23 11:00:00,8413.3,-27.30000000000109,0.0,0.0,0.0,-27.30000000000109
28,2015-04-28 15:00:00,8278.9,2015-04-30 09:30:00,8166.55,-112.34999999999945,0.0,0.0,0.0,-112.34999999999945
29,2015-04-30 12:00:00,8190.05,2015-05-05 13:00:00,8320.05,129.9999999999991,0.0,0.0,0.0,129.9999999999991
30,2015-05-08 09:30:00,8150.65,2015-05-12 09:45:00,8212.5,61.850000000000364,0.0,0.0,0.0,61.850000000000364
31,2015-05-13 10:00:00,8247.45,2015-05-13 11:15:00,8123.2,-124.25000000000091,0.0,0.0,0.0,-124.25000000000091
32,2015-05-13 13:30:00,8217.1,2015-05-14 11:00:00,8175.85,-41.25,0.0,0.0,0.0,-41.25
33,2015-05-14 15:00:00,8211.2,2015-05-20 09:15:00,8392.65,181.4499999999989,0.0,0.0,0.0,181.4499999999989
34,2015-05-20 09:45:00,8425.15,2015-05-21 11:30:00,8392.1,-33.04999999999927,0.0,0.0,0.0,-33.04999999999927
35,2015-05-21 13:45:00,8428.65,2015-05-25 09:30:00,8429.45,0.8000000000010914,0.0,0.0,0.0,0.8000000000010914
36,2015-05-27 15:15:00,8329.45,2015-05-28 11:30:00,8313.1,-16.350000000000364,0.0,0.0,0.0,-16.350000000000364
37,2015-05-28 14:45:00,8303.05,2015-06-02 09:15:00,8442.8,139.75,0.0,0.0,0.0,139.75
38,2015-06-04 11:15:00,8141.65,2015-06-04 13:00:00,8106.1,-35.54999999999927,0.0,0.0,0.0,-35.54999999999927
39,2015-06-05 09:15:00,8119.15,2015-06-08 09:30:00,8081.5,-37.649999999999636,0.0,0.0,0.0,-37.649999999999636
40,2015-06-09 14:00:00,8045.7,2015-06-11 10:45:00,8070.95,25.25,0.0,0.0,0.0,25.25
41,2015-06-15 09:15:00,7986.6,2015-06-15 15:15:00,8016.45,29.849999999999454,0.0,0.0,0.0,29.849999999999454
42,2015-06-16 14:45:00,8013.95,2015-06-25 09:15:00,8336.25,322.3000000000002,0.0,0.0,0.0,322.3000000000002
43,2015-06-25 13:15:00,8389.35,2015-06-26 11:15:00,8376.2,-13.149999999999636,0.0,0.0,0.0,-13.149999999999636
44,2015-06-26 14:15:00,8389.6,2015-06-29 09:30:00,8233.3,-156.3000000000011,0.0,0.0,0.0,-156.3000000000011
45,2015-06-29 13:15:00,8248.2,2015-07-03 09:15:00,8440.1,191.89999999999964,0.0,0.0,0.0,191.89999999999964
46,2015-07-03 10:15:00,8496.0,2015-07-03 14:30:00,8467.3,-28.700000000000728,0.0,0.0,0.0,-28.700000000000728
47,2015-07-06 12:45:00,8451.6,2015-07-07 14:30:00,8502.25,50.649999999999636,0.0,0.0,0.0,50.649999999999636
48,2015-07-08 14:45:00,8413.75,2015-07-09 11:45:00,8352.55,-61.20000000000073,0.0,0.0,0.0,-61.20000000000073
49,2015-07-13 09:30:00,8374.1,2015-07-14 11:45:00,8428.4,54.29999999999927,0.0,0.0,0.0,54.29999999999927
50,2015-07-14 14:15:00,8471.95,2015-07-20 10:15:00,8581.15,109.19999999999891,0.0,0.0,0.0,109.19999999999891
51,2015-07-20 14:30:00,8590.45,2015-07-21 13:15:00,8598.9,8.449999999998909,0.0,0.0,0.0,8.449999999998909
52,2015-07-22 11:00:00,8575.45,2015-07-23 12:45:00,8610.1,34.649999999999636,0.0,0.0,0.0,34.649999999999636
53,2015-07-29 13:15:00,8374.8,2015-07-30 14:45:00,8417.8,43.0,0.0,0.0,0.0,43.0
54,2015-07-31 10:30:00,8475.35,2015-08-04 09:15:00,8564.1,88.75,0.0,0.0,0.0,88.75
55,2015-08-04 14:45:00,8523.6,2015-08-07 14:00:00,8567.5,43.899999999999636,0.0,0.0,0.0,43.899999999999636
56,2015-08-10 10:00:00,8608.65,2015-08-10 13:45:00,8590.65,-18.0,0.0,0.0,0.0,-18.0
57,2015-08-13 10:45:00,8396.9,2015-08-17 11:15:00,8441.85,44.95000000000073,0.0,0.0,0.0,44.95000000000073
58,2015-08-17 12:45:00,8508.35,2015-08-18 09:15:00,8503.75,-4.600000000000364,0.0,0.0,0.0,-4.600000000000364
59,2015-08-18 10:30:00,8520.35,2015-08-18 12:00:00,8478.45,-41.899999999999636,0.0,0.0,0.0,-41.899999999999636
60,2015-08-19 11:30:00,8517.5,2015-08-20 10:00:00,8471.85,-45.649999999999636,0.0,0.0,0.0,-45.649999999999636
61,2015-08-21 15:00:00,8319.05,2015-08-24 09:30:00,8025.0,-294.0499999999993,0.0,0.0,0.0,-294.0499999999993
62,2015-08-25 12:45:00,7825.85,2015-08-26 12:45:00,7845.45,19.599999999999454,0.0,0.0,0.0,19.599999999999454
63,2015-08-27 10:00:00,7889.45,2015-08-28 13:45:00,8005.1,115.65000000000055,0.0,0.0,0.0,115.65000000000055
64,2015-08-31 11:15:00,8012.85,2015-08-31 15:15:00,7968.6,-44.25,0.0,0.0,0.0,-44.25
65,2015-09-02 10:30:00,7833.9,2015-09-02 13:30:00,7774.7,-59.19999999999982,0.0,0.0,0.0,-59.19999999999982
66,2015-09-03 10:00:00,7804.0,2015-09-04 09:30:00,7751.6,-52.399999999999636,0.0,0.0,0.0,-52.399999999999636
67,2015-09-08 13:00:00,7635.25,2015-09-10 09:30:00,7706.95,71.69999999999982,0.0,0.0,0.0,71.69999999999982
68,2015-09-10 12:15:00,7746.35,2015-09-11 12:45:00,7805.1,58.75,0.0,0.0,0.0,58.75
69,2015-09-14 11:00:00,7827.05,2015-09-15 11:30:00,7829.0,1.949999999999818,0.0,0.0,0.0,1.949999999999818
70,2015-09-16 09:30:00,7868.0,2015-09-18 14:30:00,8014.9,146.89999999999964,0.0,0.0,0.0,146.89999999999964
71,2015-09-21 11:00:00,7955.05,2015-09-22 13:00:00,7980.7,25.649999999999636,0.0,0.0,0.0,25.649999999999636
72,2015-09-23 12:30:00,7809.05,2015-09-24 10:00:00,7820.55,11.5,0.0,0.0,0.0,11.5
73,2015-09-24 12:30:00,7854.7,2015-09-28 15:00:00,7805.3,-49.399999999999636,0.0,0.0,0.0,-49.399999999999636
74,2015-09-29 12:15:00,7797.8,2015-09-30 09:15:00,7924.25,126.44999999999982,0.0,0.0,0.0,126.44999999999982
75,2015-09-30 14:30:00,7916.75,2015-10-01 10:45:00,7960.0,43.25,0.0,0.0,0.0,43.25
76,2015-10-05 09:30:00,8048.5,2015-10-06 12:15:00,8117.3,68.80000000000018,0.0,0.0,0.0,68.80000000000018
77,2015-10-07 09:30:00,8156.8,2015-10-07 12:30:00,8149.7,-7.100000000000364,0.0,0.0,0.0,-7.100000000000364
78,2015-10-08 09:15:00,8196.75,2015-10-08 11:15:00,8144.9,-51.850000000000364,0.0,0.0,0.0,-51.850000000000364
79,2015-10-09 09:30:00,8215.3,2015-10-09 12:00:00,8188.3,-26.99999999999909,0.0,0.0,0.0,-26.99999999999909
80,2015-10-09 15:00:00,8186.45,2015-10-12 13:30:00,8184.35,-2.0999999999994543,0.0,0.0,0.0,-2.0999999999994543
81,2015-10-14 11:00:00,8133.1,2015-10-14 13:15:00,8106.0,-27.100000000000364,0.0,0.0,0.0,-27.100000000000364
82,2015-10-15 10:00:00,8176.45,2015-10-16 11:00:00,8167.75,-8.699999999999818,0.0,0.0,0.0,-8.699999999999818
83,2015-10-16 14:30:00,8222.05,2015-10-20 14:30:00,8241.2,19.150000000001455,0.0,0.0,0.0,19.150000000001455
84,2015-10-21 10:15:00,8288.25,2015-10-21 12:15:00,8245.1,-43.149999999999636,0.0,0.0,0.0,-43.149999999999636
85,2015-10-23 09:30:00,8308.8,2015-10-23 13:15:00,8296.1,-12.699999999998909,0.0,0.0,0.0,-12.699999999998909
86,2015-10-27 13:00:00,8232.2,2015-10-28 10:45:00,8192.9,-39.30000000000109,0.0,0.0,0.0,-39.30000000000109
87,2015-10-30 12:00:00,8136.5,2015-10-30 14:00:00,8095.75,-40.75,0.0,0.0,0.0,-40.75
88,2015-11-02 15:15:00,8050.75,2015-11-03 13:45:00,8044.15,-6.600000000000364,0.0,0.0,0.0,-6.600000000000364
89,2015-11-04 09:30:00,8104.25,2015-11-04 14:00:00,8067.3,-36.94999999999982,0.0,0.0,0.0,-36.94999999999982
90,2015-11-09 11:15:00,7869.15,2015-11-10 10:15:00,7857.7,-11.449999999999818,0.0,0.0,0.0,-11.449999999999818
91,2015-11-13 13:15:00,7764.6,2015-11-16 10:00:00,7721.75,-42.850000000000364,0.0,0.0,0.0,-42.850000000000364
92,2015-11-16 11:30:00,7772.25,2015-11-17 12:45:00,7797.0,24.75,0.0,0.0,0.0,24.75
93,2015-11-17 14:15:00,7856.45,2015-11-18 11:15:00,7818.25,-38.19999999999982,0.0,0.0,0.0,-38.19999999999982
94,2015-11-19 10:30:00,7796.55,2015-11-20 15:15:00,7853.6,57.05000000000018,0.0,0.0,0.0,57.05000000000018
95,2015-11-24 10:15:00,7861.75,2015-11-27 12:15:00,7898.95,37.19999999999982,0.0,0.0,0.0,37.19999999999982
96,2015-11-27 14:15:00,7930.85,2015-12-01 14:00:00,7942.25,11.399999999999636,0.0,0.0,0.0,11.399999999999636
97,2015-12-03 14:15:00,7906.1,2015-12-03 15:15:00,7860.8,-45.30000000000018,0.0,0.0,0.0,-45.30000000000018
98,2015-12-04 13:45:00,7814.5,2015-12-04 15:00:00,7790.05,-24.449999999999818,0.0,0.0,0.0,-24.449999999999818
99,2015-12-10 12:45:00,7641.8,2015-12-11 11:45:00,7643.65,1.8499999999994543,0.0,0.0,0.0,1.8499999999994543
100,2015-12-14 12:00:00,7634.65,2015-12-14 14:45:00,7602.45,-32.19999999999982,0.0,0.0,0.0,-32.19999999999982
101,2015-12-15 12:00:00,7648.6,2015-12-17 12:45:00,7748.35,99.75,0.0,0.0,0.0,99.75
102,2015-12-17 14:00:00,7788.9,2015-12-18 10:45:00,7805.05,16.150000000000546,0.0,0.0,0.0,16.150000000000546
103,2015-12-21 10:30:00,7800.6,2015-12-22 14:30:00,7784.05,-16.550000000000182,0.0,0.0,0.0,-16.550000000000182
104,2015-12-23 10:15:00,7854.2,2015-12-23 12:45:00,7851.0,-3.199999999999818,0.0,0.0,0.0,-3.199999999999818
105,2015-12-23 14:15:00,7867.95,2015-12-24 14:15:00,7845.0,-22.949999999999818,0.0,0.0,0.0,-22.949999999999818
106,2015-12-28 09:45:00,7896.6,2015-12-29 12:15:00,7913.05,16.449999999999818,0.0,0.0,0.0,16.449999999999818
107,2015-12-29 14:00:00,7933.8,2015-12-30 14:30:00,7914.3,-19.5,0.0,0.0,0.0,-19.5
108,2015-12-31 14:00:00,7914.95,2016-01-01 13:15:00,7929.4,14.449999999999818,0.0,0.0,0.0,14.449999999999818
109,2016-01-01 14:15:00,7966.65,2016-01-04 09:30:00,7916.8,-49.849999999999454,0.0,0.0,0.0,-49.849999999999454
110,2016-01-05 12:45:00,7800.05,2016-01-06 09:30:00,7768.4,-31.650000000000546,0.0,0.0,0.0,-31.650000000000546
111,2016-01-06 11:00:00,7790.75,2016-01-06 14:15:00,7723.35,-67.39999999999964,0.0,0.0,0.0,-67.39999999999964
112,2016-01-08 11:30:00,7592.55,2016-01-11 09:30:00,7509.45,-83.10000000000036,0.0,0.0,0.0,-83.10000000000036
113,2016-01-11 11:15:00,7543.05,2016-01-12 10:30:00,7541.05,-2.0,0.0,0.0,0.0,-2.0
114,2016-01-13 09:30:00,7558.9,2016-01-13 11:45:00,7472.65,-86.25,0.0,0.0,0.0,-86.25
115,2016-01-13 14:30:00,7561.9,2016-01-14 09:30:00,7478.75,-83.14999999999964,0.0,0.0,0.0,-83.14999999999964
116,2016-01-14 12:15:00,7537.25,2016-01-15 09:45:00,7530.7,-6.550000000000182,0.0,0.0,0.0,-6.550000000000182
117,2016-01-19 11:45:00,7417.9,2016-01-20 09:30:00,7324.45,-93.44999999999982,0.0,0.0,0.0,-93.44999999999982
118,2016-01-21 09:30:00,7386.4,2016-01-21 11:30:00,7294.05,-92.34999999999945,0.0,0.0,0.0,-92.34999999999945
119,2016-01-22 09:30:00,7340.5,2016-01-25 12:45:00,7459.75,119.25,0.0,0.0,0.0,119.25
120,2016-01-27 12:30:00,7469.9,2016-01-27 14:00:00,7434.6,-35.29999999999927,0.0,0.0,0.0,-35.29999999999927
121,2016-01-28 13:45:00,7453.5,2016-02-01 13:45:00,7558.25,104.75,0.0,0.0,0.0,104.75
122,2016-02-03 13:30:00,7414.75,2016-02-04 14:45:00,7381.9,-32.850000000000364,0.0,0.0,0.0,-32.850000000000364
123,2016-02-05 10:30:00,7455.4,2016-02-08 15:00:00,7419.65,-35.75,0.0,0.0,0.0,-35.75
124,2016-02-09 13:45:00,7309.4,2016-02-10 09:30:00,7252.9,-56.5,0.0,0.0,0.0,-56.5
125,2016-02-12 13:45:00,6998.05,2016-02-16 12:45:00,7111.65,113.59999999999945,0.0,0.0,0.0,113.59999999999945
126,2016-02-17 11:30:00,7049.0,2016-02-18 12:00:00,7165.35,116.35000000000036,0.0,0.0,0.0,116.35000000000036
127,2016-02-19 11:45:00,7195.55,2016-02-23 09:45:00,7179.45,-16.100000000000364,0.0,0.0,0.0,-16.100000000000364
128,2016-02-26 13:00:00,7024.15,2016-02-29 12:30:00,6910.9,-113.25,0.0,0.0,0.0,-113.25
129,2016-02-29 13:30:00,7063.4,2016-03-08 12:15:00,7494.8,431.40000000000055,0.0,0.0,0.0,431.40000000000055
130,2016-03-09 12:30:00,7470.4,2016-03-10 10:45:00,7472.15,1.75,0.0,0.0,0.0,1.75
131,2016-03-10 14:00:00,7486.5,2016-03-11 11:45:00,7482.8,-3.699999999999818,0.0,0.0,0.0,-3.699999999999818
132,2016-03-11 13:45:00,7521.5,2016-03-14 12:00:00,7542.1,20.600000000000364,0.0,0.0,0.0,20.600000000000364
133,2016-03-16 14:15:00,7441.6,2016-03-17 14:45:00,7534.9,93.29999999999927,0.0,0.0,0.0,93.29999999999927
134,2016-03-18 14:45:00,7564.75,2016-03-22 13:00:00,7675.2,110.44999999999982,0.0,0.0,0.0,110.44999999999982
135,2016-03-22 15:15:00,7717.95,2016-03-23 11:30:00,7671.45,-46.5,0.0,0.0,0.0,-46.5
136,2016-03-23 15:00:00,7705.25,2016-03-28 11:00:00,7688.7,-16.550000000000182,0.0,0.0,0.0,-16.550000000000182
137,2016-03-29 14:30:00,7643.45,2016-03-31 13:15:00,7749.0,105.55000000000018,0.0,0.0,0.0,105.55000000000018
138,2016-04-04 09:30:00,7746.8,2016-04-04 12:45:00,7706.55,-40.25,0.0,0.0,0.0,-40.25
139,2016-04-04 15:00:00,7745.6,2016-04-05 10:30:00,7717.55,-28.050000000000182,0.0,0.0,0.0,-28.050000000000182
140,2016-04-07 13:45:00,7583.6,2016-04-08 09:30:00,7532.75,-50.850000000000364,0.0,0.0,0.0,-50.850000000000364
141,2016-04-11 14:45:00,7639.35,2016-04-20 11:00:00,7899.45,260.09999999999945,0.0,0.0,0.0,260.09999999999945
142,2016-04-21 09:30:00,7963.05,2016-04-21 12:15:00,7939.65,-23.400000000000546,0.0,0.0,0.0,-23.400000000000546
143,2016-04-22 12:00:00,7910.35,2016-04-25 09:45:00,7883.1,-27.25,0.0,0.0,0.0,-27.25
144,2016-04-26 11:00:00,7851.25,2016-04-28 11:15:00,7931.55,80.30000000000018,0.0,0.0,0.0,80.30000000000018
145,2016-04-29 15:15:00,7855.25,2016-05-02 11:15:00,7795.05,-60.19999999999982,0.0,0.0,0.0,-60.19999999999982
146,2016-05-03 09:30:00,7866.6,2016-05-03 11:15:00,7846.35,-20.25,0.0,0.0,0.0,-20.25
147,2016-05-05 12:00:00,7743.85,2016-05-05 13:30:00,7714.3,-29.550000000000182,0.0,0.0,0.0,-29.550000000000182
148,2016-05-06 13:15:00,7724.9,2016-05-10 10:45:00,7843.35,118.45000000000073,0.0,0.0,0.0,118.45000000000073
149,2016-05-10 13:00:00,7871.95,2016-05-11 09:30:00,7845.55,-26.399999999999636,0.0,0.0,0.0,-26.399999999999636
150,2016-05-11 12:00:00,7890.15,2016-05-11 13:15:00,7831.4,-58.75,0.0,0.0,0.0,-58.75
151,2016-05-12 09:30:00,7893.7,2016-05-12 13:00:00,7861.95,-31.75,0.0,0.0,0.0,-31.75
152,2016-05-12 15:15:00,7900.3,2016-05-13 09:45:00,7837.45,-62.850000000000364,0.0,0.0,0.0,-62.850000000000364
153,2016-05-13 15:15:00,7820.9,2016-05-16 11:00:00,7784.7,-36.19999999999982,0.0,0.0,0.0,-36.19999999999982
154,2016-05-16 14:15:00,7823.75,2016-05-18 09:15:00,7846.75,23.0,0.0,0.0,0.0,23.0
155,2016-05-18 13:00:00,7865.45,2016-05-19 10:30:00,7831.5,-33.94999999999982,0.0,0.0,0.0,-33.94999999999982
156,2016-05-20 12:45:00,7803.85,2016-05-20 14:45:00,7758.05,-45.80000000000018,0.0,0.0,0.0,-45.80000000000018
157,2016-05-23 14:30:00,7796.0,2016-05-23 15:15:00,7731.6,-64.39999999999964,0.0,0.0,0.0,-64.39999999999964
158,2016-05-24 15:00:00,7747.1,2016-05-31 11:00:00,8157.75,410.64999999999964,0.0,0.0,0.0,410.64999999999964
159,2016-06-01 09:45:00,8190.6,2016-06-01 12:45:00,8180.6,-10.0,0.0,0.0,0.0,-10.0
160,2016-06-02 14:45:00,8212.7,2016-06-03 15:00:00,8222.25,9.549999999999272,0.0,0.0,0.0,9.549999999999272
161,2016-06-07 11:45:00,8246.7,2016-06-08 10:45:00,8264.8,18.099999999998545,0.0,0.0,0.0,18.099999999998545
162,2016-06-10 11:00:00,8218.8,2016-06-10 13:15:00,8186.8,-31.99999999999909,0.0,0.0,0.0,-31.99999999999909
163,2016-06-13 13:45:00,8120.25,2016-06-14 14:00:00,8082.3,-37.94999999999982,0.0,0.0,0.0,-37.94999999999982
164,2016-06-15 09:30:00,8125.15,2016-06-16 09:45:00,8142.9,17.75,0.0,0.0,0.0,17.75
165,2016-06-16 13:15:00,8109.8,2016-06-21 11:00:00,8217.5,107.69999999999982,0.0,0.0,0.0,107.69999999999982
166,2016-06-23 10:30:00,8198.2,2016-06-24 09:30:00,8044.55,-153.65000000000055,0.0,0.0,0.0,-153.65000000000055
167,2016-06-24 13:30:00,8024.75,2016-06-30 12:45:00,8245.7,220.95000000000073,0.0,0.0,0.0,220.95000000000073
168,2016-06-30 13:45:00,8292.8,2016-07-04 13:45:00,8369.45,76.65000000000146,0.0,0.0,0.0,76.65000000000146
169,2016-07-07 14:15:00,8357.85,2016-07-08 09:45:00,8298.2,-59.649999999999636,0.0,0.0,0.0,-59.649999999999636
170,2016-07-08 13:30:00,8322.75,2016-07-13 12:30:00,8501.65,178.89999999999964,0.0,0.0,0.0,178.89999999999964
171,2016-07-14 12:30:00,8541.55,2016-07-15 11:00:00,8524.2,-17.349999999998545,0.0,0.0,0.0,-17.349999999998545
172,2016-07-15 15:15:00,8543.3,2016-07-18 13:45:00,8548.5,5.200000000000728,0.0,0.0,0.0,5.200000000000728
173,2016-07-20 09:30:00,8550.0,2016-07-21 13:00:00,8543.45,-6.549999999999272,0.0,0.0,0.0,-6.549999999999272
174,2016-07-22 12:15:00,8535.1,2016-07-26 15:15:00,8585.05,49.94999999999891,0.0,0.0,0.0,49.94999999999891
175,2016-07-28 09:30:00,8642.7,2016-08-01 12:15:00,8655.8,13.099999999998545,0.0,0.0,0.0,13.099999999998545
176,2016-08-02 11:15:00,8674.3,2016-08-02 12:45:00,8640.0,-34.29999999999927,0.0,0.0,0.0,-34.29999999999927
177,2016-08-05 09:30:00,8621.8,2016-08-09 10:15:00,8693.05,71.25,0.0,0.0,0.0,71.25
178,2016-08-09 14:30:00,8679.95,2016-08-10 11:30:00,8599.5,-80.45000000000073,0.0,0.0,0.0,-80.45000000000073
179,2016-08-11 15:15:00,8590.3,2016-08-16 11:45:00,8627.25,36.95000000000073,0.0,0.0,0.0,36.95000000000073
180,2016-08-17 09:30:00,8652.05,2016-08-17 13:30:00,8619.05,-33.0,0.0,0.0,0.0,-33.0
181,2016-08-18 09:30:00,8658.2,2016-08-19 09:15:00,8694.3,36.099999999998545,0.0,0.0,0.0,36.099999999998545
182,2016-08-22 14:15:00,8645.05,2016-08-23 09:30:00,8611.05,-34.0,0.0,0.0,0.0,-34.0
183,2016-08-24 09:15:00,8648.5,2016-08-25 12:45:00,8665.55,17.049999999999272,0.0,0.0,0.0,17.049999999999272
184,2016-08-29 11:45:00,8573.7,2016-09-01 12:00:00,8772.85,199.14999999999964,0.0,0.0,0.0,199.14999999999964
185,2016-09-01 13:45:00,8808.35,2016-09-02 10:00:00,8773.65,-34.70000000000073,0.0,0.0,0.0,-34.70000000000073
186,2016-09-02 14:30:00,8806.65,2016-09-08 09:30:00,8906.25,99.60000000000036,0.0,0.0,0.0,99.60000000000036
187,2016-09-08 11:45:00,8929.15,2016-09-09 10:15:00,8878.6,-50.54999999999927,0.0,0.0,0.0,-50.54999999999927
188,2016-09-09 14:15:00,8905.35,2016-09-12 09:30:00,8729.55,-175.8000000000011,0.0,0.0,0.0,-175.8000000000011
189,2016-09-14 14:00:00,8723.55,2016-09-16 13:45:00,8803.4,79.85000000000036,0.0,0.0,0.0,79.85000000000036
190,2016-09-19 10:00:00,8799.05,2016-09-20 09:45:00,8775.7,-23.349999999998545,0.0,0.0,0.0,-23.349999999998545
191,2016-09-21 10:00:00,8803.75,2016-09-21 13:45:00,8785.7,-18.049999999999272,0.0,0.0,0.0,-18.049999999999272
192,2016-09-22 09:30:00,8870.15,2016-09-22 13:00:00,8843.05,-27.100000000000364,0.0,0.0,0.0,-27.100000000000364
193,2016-09-22 14:45:00,8865.85,2016-09-23 15:00:00,8851.15,-14.700000000000728,0.0,0.0,0.0,-14.700000000000728
194,2016-09-28 12:45:00,8743.45,2016-09-29 11:30:00,8763.85,20.399999999999636,0.0,0.0,0.0,20.399999999999636
195,2016-09-30 14:30:00,8622.3,2016-10-05 12:00:00,8749.5,127.20000000000073,0.0,0.0,0.0,127.20000000000073
196,2016-10-06 10:00:00,8770.1,2016-10-06 13:45:00,8738.2,-31.899999999999636,0.0,0.0,0.0,-31.899999999999636
197,2016-10-10 09:30:00,8733.25,2016-10-10 15:15:00,8706.35,-26.899999999999636,0.0,0.0,0.0,-26.899999999999636
198,2016-10-14 12:45:00,8589.15,2016-10-17 12:15:00,8534.65,-54.5,0.0,0.0,0.0,-54.5
199,2016-10-18 10:15:00,8588.7,2016-10-20 13:00:00,8685.85,97.14999999999964,0.0,0.0,0.0,97.14999999999964
200,2016-10-24 09:30:00,8705.95,2016-10-25 09:30:00,8698.55,-7.400000000001455,0.0,0.0,0.0,-7.400000000001455
201,2016-10-25 12:45:00,8691.8,2016-10-26 09:30:00,8635.15,-56.649999999999636,0.0,0.0,0.0,-56.649999999999636
202,2016-10-27 13:15:00,8589.55,2016-11-01 10:45:00,8629.05,39.5,0.0,0.0,0.0,39.5
203,2016-11-01 12:00:00,8646.7,2016-11-01 15:15:00,8621.0,-25.700000000000728,0.0,0.0,0.0,-25.700000000000728
204,2016-11-07 09:30:00,8507.9,2016-11-08 09:15:00,8540.0,32.100000000000364,0.0,0.0,0.0,32.100000000000364
205,2016-11-08 15:15:00,8552.1,2016-11-09 09:30:00,8198.95,-353.14999999999964,0.0,0.0,0.0,-353.14999999999964
206,2016-11-09 13:00:00,8301.05,2016-11-10 15:15:00,8525.8,224.75,0.0,0.0,0.0,224.75
207,2016-11-16 12:30:00,8174.45,2016-11-16 15:15:00,8105.75,-68.69999999999982,0.0,0.0,0.0,-68.69999999999982
208,2016-11-18 11:30:00,8098.6,2016-11-18 14:30:00,8072.35,-26.25,0.0,0.0,0.0,-26.25
209,2016-11-22 10:45:00,7978.9,2016-11-24 10:30:00,7988.7,9.800000000000182,0.0,0.0,0.0,9.800000000000182
210,2016-11-24 14:45:00,8020.1,2016-11-29 14:45:00,8154.0,133.89999999999964,0.0,0.0,0.0,133.89999999999964
211,2016-11-30 14:00:00,8192.9,2016-12-02 09:30:00,8141.1,-51.79999999999927,0.0,0.0,0.0,-51.79999999999927
212,2016-12-05 14:00:00,8121.1,2016-12-07 09:15:00,8168.4,47.29999999999927,0.0,0.0,0.0,47.29999999999927
213,2016-12-07 13:00:00,8173.2,2016-12-12 09:30:00,8217.1,43.900000000000546,0.0,0.0,0.0,43.900000000000546
214,2016-12-13 12:15:00,8186.25,2016-12-14 13:15:00,8178.5,-7.75,0.0,0.0,0.0,-7.75
215,2016-12-21 10:45:00,8102.5,2016-12-22 09:15:00,8043.85,-58.649999999999636,0.0,0.0,0.0,-58.649999999999636
216,2016-12-23 11:30:00,7972.25,2016-12-26 09:30:00,7928.2,-44.05000000000018,0.0,0.0,0.0,-44.05000000000018
217,2016-12-27 10:30:00,7941.2,2016-12-28 15:15:00,8029.55,88.35000000000036,0.0,0.0,0.0,88.35000000000036
218,2016-12-29 14:15:00,8066.15,2017-01-02 10:45:00,8148.1,81.95000000000073,0.0,0.0,0.0,81.95000000000073
219,2017-01-02 13:15:00,8165.35,2017-01-04 12:15:00,8185.25,19.899999999999636,0.0,0.0,0.0,19.899999999999636
220,2017-01-05 09:30:00,8233.05,2017-01-06 12:45:00,8263.4,30.350000000000364,0.0,0.0,0.0,30.350000000000364
221,2017-01-10 10:30:00,8276.85,2017-01-13 12:45:00,8391.3,114.44999999999891,0.0,0.0,0.0,114.44999999999891
222,2017-01-16 13:00:00,8409.3,2017-01-17 12:00:00,8395.2,-14.099999999998545,0.0,0.0,0.0,-14.099999999998545
223,2017-01-18 09:30:00,8435.4,2017-01-18 12:15:00,8427.5,-7.899999999999636,0.0,0.0,0.0,-7.899999999999636
224,2017-01-19 11:15:00,8424.15,2017-01-20 10:30:00,8402.1,-22.049999999999272,0.0,0.0,0.0,-22.049999999999272
225,2017-01-23 11:00:00,8392.75,2017-01-23 12:30:00,8372.75,-20.0,0.0,0.0,0.0,-20.0
226,2017-01-23 15:00:00,8382.35,2017-01-27 13:00:00,8640.0,257.64999999999964,0.0,0.0,0.0,257.64999999999964
227,2017-01-30 13:45:00,8657.35,2017-01-31 09:45:00,8588.95,-68.39999999999964,0.0,0.0,0.0,-68.39999999999964
228,2017-02-01 14:00:00,8675.6,2017-02-03 11:45:00,8712.1,36.5,0.0,0.0,0.0,36.5
229,2017-02-03 15:15:00,8743.1,2017-02-07 11:00:00,8780.8,37.69999999999891,0.0,0.0,0.0,37.69999999999891
230,2017-02-09 09:30:00,8814.7,2017-02-09 10:45:00,8736.85,-77.85000000000036,0.0,0.0,0.0,-77.85000000000036
231,2017-02-09 13:15:00,8762.75,2017-02-13 12:00:00,8776.55,13.799999999999272,0.0,0.0,0.0,13.799999999999272
232,2017-02-13 14:15:00,8797.15,2017-02-15 10:30:00,8779.6,-17.549999999999272,0.0,0.0,0.0,-17.549999999999272
233,2017-02-16 11:30:00,8750.55,2017-02-17 15:00:00,8825.95,75.40000000000146,0.0,0.0,0.0,75.40000000000146
234,2017-02-20 11:45:00,8842.25,2017-02-21 12:15:00,8871.0,28.75,0.0,0.0,0.0,28.75
235,2017-02-21 14:30:00,8884.55,2017-02-22 14:15:00,8915.0,30.450000000000728,0.0,0.0,0.0,30.450000000000728
236,2017-02-23 10:45:00,8954.0,2017-02-27 10:30:00,8929.5,-24.5,0.0,0.0,0.0,-24.5
237,2017-03-01 09:45:00,8938.35,2017-03-02 12:45:00,8959.75,21.399999999999636,0.0,0.0,0.0,21.399999999999636
238,2017-03-03 14:30:00,8888.6,2017-03-06 13:15:00,8937.5,48.899999999999636,0.0,0.0,0.0,48.899999999999636
239,2017-03-08 09:30:00,8953.65,2017-03-08 11:15:00,8908.35,-45.29999999999927,0.0,0.0,0.0,-45.29999999999927
240,2017-03-08 15:15:00,8925.5,2017-03-10 14:00:00,8929.85,4.350000000000364,0.0,0.0,0.0,4.350000000000364
241,2017-03-14 09:30:00,9067.85,2017-03-15 12:00:00,9082.4,14.549999999999272,0.0,0.0,0.0,14.549999999999272
242,2017-03-16 09:30:00,9149.2,2017-03-17 12:00:00,9155.6,6.399999999999636,0.0,0.0,0.0,6.399999999999636
243,2017-03-21 14:45:00,9109.3,2017-03-22 10:00:00,9057.1,-52.19999999999891,0.0,0.0,0.0,-52.19999999999891
244,2017-03-22 12:30:00,9054.75,2017-03-22 15:00:00,9021.85,-32.899999999999636,0.0,0.0,0.0,-32.899999999999636
245,2017-03-23 10:30:00,9058.0,2017-03-27 09:15:00,9093.45,35.45000000000073,0.0,0.0,0.0,35.45000000000073
246,2017-03-28 09:30:00,9093.05,2017-03-28 15:00:00,9081.85,-11.199999999998909,0.0,0.0,0.0,-11.199999999998909
247,2017-03-29 10:00:00,9121.4,2017-03-30 14:00:00,9148.6,27.200000000000728,0.0,0.0,0.0,27.200000000000728
248,2017-03-31 14:15:00,9187.55,2017-04-06 10:30:00,9234.5,46.95000000000073,0.0,0.0,0.0,46.95000000000073
249,2017-04-06 15:15:00,9264.4,2017-04-07 15:00:00,9200.15,-64.25,0.0,0.0,0.0,-64.25
250,2017-04-11 10:15:00,9209.4,2017-04-12 14:15:00,9207.85,-1.5499999999992724,0.0,0.0,0.0,-1.5499999999992724
251,2017-04-18 09:30:00,9186.95,2017-04-18 12:45:00,9196.4,9.449999999998909,0.0,0.0,0.0,9.449999999998909
252,2017-04-20 10:45:00,9129.2,2017-04-20 13:45:00,9118.55,-10.650000000001455,0.0,0.0,0.0,-10.650000000001455
253,2017-04-21 09:30:00,9162.85,2017-04-21 13:00:00,9115.7,-47.149999999999636,0.0,0.0,0.0,-47.149999999999636
254,2017-04-24 09:30:00,9151.4,2017-04-26 14:45:00,9314.2,162.8000000000011,0.0,0.0,0.0,162.8000000000011
255,2017-04-27 13:45:00,9360.4,2017-04-28 09:30:00,9307.55,-52.850000000000364,0.0,0.0,0.0,-52.850000000000364
256,2017-04-28 13:30:00,9303.95,2017-05-02 11:00:00,9294.35,-9.600000000000364,0.0,0.0,0.0,-9.600000000000364
257,2017-05-02 13:30:00,9319.65,2017-05-03 12:45:00,9307.45,-12.199999999998909,0.0,0.0,0.0,-12.199999999998909
258,2017-05-04 09:30:00,9348.95,2017-05-04 12:30:00,9329.6,-19.350000000000364,0.0,0.0,0.0,-19.350000000000364
259,2017-05-04 14:00:00,9356.65,2017-05-05 10:00:00,9319.5,-37.149999999999636,0.0,0.0,0.0,-37.149999999999636
260,2017-05-08 10:00:00,9316.5,2017-05-08 12:45:00,9311.25,-5.25,0.0,0.0,0.0,-5.25
261,2017-05-09 13:15:00,9334.6,2017-05-11 13:30:00,9431.35,96.75,0.0,0.0,0.0,96.75
262,2017-05-15 09:30:00,9433.4,2017-05-17 12:30:00,9499.85,66.45000000000073,0.0,0.0,0.0,66.45000000000073
263,2017-05-17 13:45:00,9527.15,2017-05-18 09:30:00,9487.2,-39.94999999999891,0.0,0.0,0.0,-39.94999999999891
264,2017-05-19 10:00:00,9501.15,2017-05-19 11:30:00,9442.15,-59.0,0.0,0.0,0.0,-59.0
265,2017-05-22 09:15:00,9480.25,2017-05-22 13:15:00,9435.5,-44.75,0.0,0.0,0.0,-44.75
266,2017-05-23 13:45:00,9423.95,2017-05-24 12:30:00,9402.35,-21.600000000000364,0.0,0.0,0.0,-21.600000000000364
267,2017-05-25 09:45:00,9407.85,2017-06-01 09:30:00,9610.6,202.75,0.0,0.0,0.0,202.75
268,2017-06-02 09:30:00,9657.6,2017-06-06 11:15:00,9663.7,6.100000000000364,0.0,0.0,0.0,6.100000000000364
269,2017-06-07 10:15:00,9675.95,2017-06-07 12:30:00,9643.75,-32.20000000000073,0.0,0.0,0.0,-32.20000000000073
270,2017-06-08 09:30:00,9674.55,2017-06-09 09:15:00,9638.55,-36.0,0.0,0.0,0.0,-36.0
271,2017-06-09 14:30:00,9650.3,2017-06-12 10:00:00,9621.4,-28.899999999999636,0.0,0.0,0.0,-28.899999999999636
272,2017-06-13 10:30:00,9637.05,2017-06-13 14:45:00,9615.65,-21.399999999999636,0.0,0.0,0.0,-21.399999999999636
273,2017-06-14 14:45:00,9617.35,2017-06-15 11:45:00,9593.35,-24.0,0.0,0.0,0.0,-24.0
274,2017-06-16 09:30:00,9597.8,2017-06-16 11:45:00,9577.5,-20.299999999999272,0.0,0.0,0.0,-20.299999999999272
275,2017-06-19 09:30:00,9637.7,2017-06-20 14:00:00,9651.6,13.899999999999636,0.0,0.0,0.0,13.899999999999636
276,2017-06-22 09:30:00,9668.55,2017-06-22 13:45:00,9675.7,7.150000000001455,0.0,0.0,0.0,7.150000000001455
277,2017-06-28 11:45:00,9511.65,2017-06-28 13:45:00,9482.75,-28.899999999999636,0.0,0.0,0.0,-28.899999999999636
278,2017-06-29 09:30:00,9541.4,2017-06-29 13:15:00,9516.85,-24.549999999999272,0.0,0.0,0.0,-24.549999999999272
279,2017-06-30 11:15:00,9489.5,2017-07-04 12:30:00,9604.25,114.75,0.0,0.0,0.0,114.75
280,2017-07-04 14:00:00,9625.35,2017-07-05 09:15:00,9619.75,-5.600000000000364,0.0,0.0,0.0,-5.600000000000364
281,2017-07-05 12:00:00,9631.4,2017-07-07 09:30:00,9660.5,29.100000000000364,0.0,0.0,0.0,29.100000000000364
282,2017-07-07 14:00:00,9674.15,2017-07-12 11:15:00,9802.9,128.75,0.0,0.0,0.0,128.75
283,2017-07-12 15:15:00,9814.45,2017-07-14 10:45:00,9858.55,44.099999999998545,0.0,0.0,0.0,44.099999999998545
284,2017-07-14 12:15:00,9875.05,2017-07-17 12:15:00,9904.75,29.700000000000728,0.0,0.0,0.0,29.700000000000728
285,2017-07-17 14:30:00,9920.3,2017-07-18 09:30:00,9871.65,-48.649999999999636,0.0,0.0,0.0,-48.649999999999636
286,2017-07-19 10:30:00,9872.8,2017-07-20 12:30:00,9872.95,0.1500000000014552,0.0,0.0,0.0,0.1500000000014552
287,2017-07-21 10:00:00,9907.65,2017-07-21 13:00:00,9864.7,-42.94999999999891,0.0,0.0,0.0,-42.94999999999891
288,2017-07-21 15:15:00,9916.9,2017-07-25 13:00:00,9951.45,34.55000000000109,0.0,0.0,0.0,34.55000000000109
289,2017-07-26 09:30:00,9987.5,2017-07-27 12:45:00,10078.1,90.60000000000036,0.0,0.0,0.0,90.60000000000036
290,2017-07-28 15:15:00,10014.8,2017-08-01 11:30:00,10076.15,61.350000000000364,0.0,0.0,0.0,61.350000000000364
291,2017-08-01 14:15:00,10097.65,2017-08-02 12:45:00,10097.65,0.0,0.0,0.0,0.0,0.0
292,2017-08-04 14:00:00,10026.05,2017-08-08 09:15:00,10068.35,42.30000000000109,0.0,0.0,0.0,42.30000000000109
293,2017-08-11 12:00:00,9757.7,2017-08-11 13:45:00,9722.1,-35.600000000000364,0.0,0.0,0.0,-35.600000000000364
294,2017-08-14 09:30:00,9774.2,2017-08-18 09:30:00,9844.9,70.69999999999891,0.0,0.0,0.0,70.69999999999891
295,2017-08-21 09:30:00,9876.7,2017-08-21 12:00:00,9830.3,-46.400000000001455,0.0,0.0,0.0,-46.400000000001455
296,2017-08-23 10:00:00,9807.1,2017-08-23 13:45:00,9794.4,-12.700000000000728,0.0,0.0,0.0,-12.700000000000728
297,2017-08-23 15:00:00,9847.95,2017-08-28 14:15:00,9899.4,51.44999999999891,0.0,0.0,0.0,51.44999999999891
298,2017-08-30 09:30:00,9865.05,2017-08-31 09:30:00,9875.4,10.350000000000364,0.0,0.0,0.0,10.350000000000364
299,2017-08-31 14:00:00,9881.7,2017-09-04 11:30:00,9938.6,56.899999999999636,0.0,0.0,0.0,56.899999999999636
300,2017-09-04 15:15:00,9918.8,2017-09-05 12:30:00,9911.45,-7.349999999998545,0.0,0.0,0.0,-7.349999999998545
301,2017-09-05 14:15:00,9944.35,2017-09-06 09:30:00,9904.0,-40.350000000000364,0.0,0.0,0.0,-40.350000000000364
302,2017-09-06 12:30:00,9918.55,2017-09-07 12:15:00,9925.75,7.200000000000728,0.0,0.0,0.0,7.200000000000728
303,2017-09-08 09:30:00,9956.7,2017-09-08 13:15:00,9917.8,-38.900000000001455,0.0,0.0,0.0,-38.900000000001455
304,2017-09-11 09:30:00,9985.8,2017-09-13 15:15:00,10069.9,84.10000000000036,0.0,0.0,0.0,84.10000000000036
305,2017-09-15 14:45:00,10105.05,2017-09-19 10:30:00,10132.5,27.450000000000728,0.0,0.0,0.0,27.450000000000728
306,2017-09-19 14:00:00,10163.35,2017-09-20 13:15:00,10143.05,-20.30000000000109,0.0,0.0,0.0,-20.30000000000109
307,2017-09-21 14:30:00,10118.45,2017-09-22 09:45:00,10045.0,-73.45000000000073,0.0,0.0,0.0,-73.45000000000073
308,2017-09-25 15:15:00,9876.0,2017-09-26 11:00:00,9821.85,-54.149999999999636,0.0,0.0,0.0,-54.149999999999636
309,2017-09-26 13:00:00,9852.35,2017-09-27 10:30:00,9826.7,-25.649999999999636,0.0,0.0,0.0,-25.649999999999636
310,2017-09-28 15:15:00,9764.05,2017-09-29 15:15:00,9784.15,20.100000000000364,0.0,0.0,0.0,20.100000000000364
311,2017-10-03 10:45:00,9850.35,2017-10-05 11:15:00,9904.5,54.149999999999636,0.0,0.0,0.0,54.149999999999636
312,2017-10-06 10:00:00,9955.05,2017-10-09 12:15:00,9982.85,27.80000000000109,0.0,0.0,0.0,27.80000000000109
313,2017-10-10 09:30:00,10021.75,2017-10-11 13:45:00,10017.35,-4.399999999999636,0.0,0.0,0.0,-4.399999999999636
314,2017-10-12 10:45:00,10023.85,2017-10-16 12:30:00,10201.25,177.39999999999964,0.0,0.0,0.0,177.39999999999964
315,2017-10-16 15:00:00,10236.55,2017-10-17 12:45:00,10223.55,-13.0,0.0,0.0,0.0,-13.0
316,2017-10-18 13:15:00,10213.8,2017-10-19 19:15:00,10139.15,-74.64999999999964,0.0,0.0,0.0,-74.64999999999964
317,2017-10-23 14:15:00,10164.15,2017-10-24 13:45:00,10190.9,26.75,0.0,0.0,0.0,26.75
318,2017-10-25 09:30:00,10257.9,2017-10-31 09:30:00,10356.9,99.0,0.0,0.0,0.0,99.0
319,2017-10-31 13:15:00,10359.0,2017-11-01 14:30:00,10431.5,72.5,0.0,0.0,0.0,72.5
320,2017-11-03 12:30:00,10445.85,2017-11-06 10:00:00,10416.25,-29.600000000000364,0.0,0.0,0.0,-29.600000000000364
321,2017-11-06 12:30:00,10448.75,2017-11-07 09:15:00,10477.15,28.399999999999636,0.0,0.0,0.0,28.399999999999636
322,2017-11-09 09:30:00,10358.15,2017-11-09 11:15:00,10309.85,-48.29999999999927,0.0,0.0,0.0,-48.29999999999927
323,2017-11-10 11:00:00,10309.6,2017-11-10 12:30:00,10282.2,-27.399999999999636,0.0,0.0,0.0,-27.399999999999636
324,2017-11-10 14:00:00,10320.4,2017-11-10 15:00:00,10257.5,-62.899999999999636,0.0,0.0,0.0,-62.899999999999636
325,2017-11-14 14:45:00,10210.15,2017-11-15 09:30:00,10158.95,-51.19999999999891,0.0,0.0,0.0,-51.19999999999891
326,2017-11-16 10:15:00,10166.4,2017-11-17 13:15:00,10313.5,147.10000000000036,0.0,0.0,0.0,147.10000000000036
327,2017-11-20 14:30:00,10293.5,2017-11-22 09:15:00,10350.8,57.29999999999927,0.0,0.0,0.0,57.29999999999927
328,2017-11-22 12:45:00,10349.6,2017-11-23 13:00:00,10338.45,-11.149999999999636,0.0,0.0,0.0,-11.149999999999636
329,2017-11-24 09:15:00,10366.8,2017-11-27 09:30:00,10363.15,-3.649999999999636,0.0,0.0,0.0,-3.649999999999636
330,2017-11-27 14:15:00,10377.0,2017-11-29 09:15:00,10376.65,-0.3500000000003638,0.0,0.0,0.0,-0.3500000000003638
331,2017-11-29 13:15:00,10388.5,2017-11-30 09:15:00,10332.7,-55.79999999999927,0.0,0.0,0.0,-55.79999999999927
332,2017-11-30 14:15:00,10302.45,2017-12-01 10:00:00,10237.75,-64.70000000000073,0.0,0.0,0.0,-64.70000000000073
333,2017-12-04 11:30:00,10156.95,2017-12-05 09:30:00,10086.7,-70.25,0.0,0.0,0.0,-70.25
334,2017-12-05 14:15:00,10124.65,2017-12-06 09:30:00,10095.25,-29.399999999999636,0.0,0.0,0.0,-29.399999999999636
335,2017-12-07 10:00:00,10100.05,2017-12-11 11:45:00,10295.0,194.95000000000073,0.0,0.0,0.0,194.95000000000073
336,2017-12-11 14:45:00,10319.45,2017-12-12 10:00:00,10285.0,-34.45000000000073,0.0,0.0,0.0,-34.45000000000073
337,2017-12-13 12:00:00,10284.5,2017-12-13 14:15:00,10210.0,-74.5,0.0,0.0,0.0,-74.5
338,2017-12-14 14:15:00,10198.75,2017-12-18 09:30:00,10212.7,13.950000000000728,0.0,0.0,0.0,13.950000000000728
339,2017-12-18 11:00:00,10413.95,2017-12-18 15:00:00,10378.45,-35.5,0.0,0.0,0.0,-35.5
340,2017-12-19 11:00:00,10422.75,2017-12-21 09:45:00,10454.9,32.149999999999636,0.0,0.0,0.0,32.149999999999636
341,2017-12-22 10:15:00,10474.0,2017-12-27 15:00:00,10486.6,12.600000000000364,0.0,0.0,0.0,12.600000000000364
342,2017-12-29 10:30:00,10523.1,2018-01-01 13:00:00,10519.5,-3.600000000000364,0.0,0.0,0.0,-3.600000000000364
343,2018-01-03 09:30:00,10471.15,2018-01-03 12:45:00,10461.25,-9.899999999999636,0.0,0.0,0.0,-9.899999999999636
344,2018-01-04 11:00:00,10459.75,2018-01-09 13:30:00,10613.6,153.85000000000036,0.0,0.0,0.0,153.85000000000036
345,2018-01-09 15:15:00,10636.75,2018-01-10 11:45:00,10608.6,-28.149999999999636,0.0,0.0,0.0,-28.149999999999636
346,2018-01-10 14:15:00,10627.3,2018-01-12 12:30:00,10657.9,30.600000000000364,0.0,0.0,0.0,30.600000000000364
347,2018-01-12 14:30:00,10662.35,2018-01-15 13:15:00,10745.35,83.0,0.0,0.0,0.0,83.0
348,2018-01-17 10:45:00,10736.7,2018-01-18 14:30:00,10843.9,107.19999999999891,0.0,0.0,0.0,107.19999999999891
349,2018-01-19 15:00:00,10869.8,2018-01-25 11:15:00,11059.35,189.5500000000011,0.0,0.0,0.0,189.5500000000011
350,2018-01-29 09:30:00,11134.9,2018-01-30 09:15:00,11120.85,-14.049999999999272,0.0,0.0,0.0,-14.049999999999272
351,2018-02-01 09:30:00,11058.45,2018-02-01 12:30:00,10997.95,-60.5,0.0,0.0,0.0,-60.5
352,2018-02-06 13:00:00,10405.4,2018-02-07 11:30:00,10494.95,89.55000000000109,0.0,0.0,0.0,89.55000000000109
353,2018-02-08 10:00:00,10568.2,2018-02-09 09:30:00,10432.8,-135.40000000000146,0.0,0.0,0.0,-135.40000000000146
354,2018-02-09 12:45:00,10449.15,2018-02-14 12:45:00,10535.15,86.0,0.0,0.0,0.0,86.0
355,2018-02-15 10:45:00,10584.65,2018-02-15 14:45:00,10538.0,-46.649999999999636,0.0,0.0,0.0,-46.649999999999636
356,2018-02-20 09:15:00,10391.0,2018-02-20 12:15:00,10387.5,-3.5,0.0,0.0,0.0,-3.5
357,2018-02-22 14:00:00,10384.8,2018-02-27 12:00:00,10558.65,173.85000000000036,0.0,0.0,0.0,173.85000000000036
358,2018-02-28 15:00:00,10528.05,2018-03-01 11:30:00,10480.1,-47.94999999999891,0.0,0.0,0.0,-47.94999999999891
359,2018-03-01 13:30:00,10504.45,2018-03-01 15:15:00,10459.3,-45.150000000001455,0.0,0.0,0.0,-45.150000000001455
360,2018-03-06 09:30:00,10435.3,2018-03-06 11:45:00,10381.45,-53.849999999998545,0.0,0.0,0.0,-53.849999999998545
361,2018-03-08 12:00:00,10202.8,2018-03-09 15:00:00,10233.55,30.75,0.0,0.0,0.0,30.75
362,2018-03-12 10:00:00,10323.35,2018-03-13 14:45:00,10385.35,62.0,0.0,0.0,0.0,62.0
363,2018-03-14 14:45:00,10396.2,2018-03-15 14:15:00,10366.0,-30.200000000000728,0.0,0.0,0.0,-30.200000000000728
364,2018-03-20 11:30:00,10141.3,2018-03-20 13:30:00,10111.4,-29.899999999999636,0.0,0.0,0.0,-29.899999999999636
365,2018-03-21 09:30:00,10190.1,2018-03-21 12:45:00,10168.2,-21.899999999999636,0.0,0.0,0.0,-21.899999999999636
366,2018-03-23 13:15:00,9990.6,2018-03-26 10:45:00,9966.05,-24.55000000000109,0.0,0.0,0.0,-24.55000000000109
367,2018-03-26 12:30:00,10007.25,2018-03-28 09:30:00,10124.9,117.64999999999964,0.0,0.0,0.0,117.64999999999964
368,2018-03-28 12:15:00,10150.0,2018-04-04 12:45:00,10240.3,90.29999999999927,0.0,0.0,0.0,90.29999999999927
369,2018-04-05 09:30:00,10254.6,2018-04-10 11:30:00,10393.4,138.79999999999927,0.0,0.0,0.0,138.79999999999927
370,2018-04-11 13:15:00,10391.2,2018-04-13 14:15:00,10465.5,74.29999999999927,0.0,0.0,0.0,74.29999999999927
371,2018-04-16 13:45:00,10511.7,2018-04-17 11:45:00,10522.0,10.299999999999272,0.0,0.0,0.0,10.299999999999272
372,2018-04-17 14:00:00,10537.2,2018-04-18 14:45:00,10541.85,4.649999999999636,0.0,0.0,0.0,4.649999999999636
373,2018-04-19 10:30:00,10563.1,2018-04-20 11:15:00,10543.45,-19.649999999999636,0.0,0.0,0.0,-19.649999999999636
374,2018-04-23 09:15:00,10592.8,2018-04-24 12:15:00,10596.45,3.650000000001455,0.0,0.0,0.0,3.650000000001455
375,2018-04-24 14:00:00,10613.75,2018-04-25 10:00:00,10580.9,-32.850000000000364,0.0,0.0,0.0,-32.850000000000364
376,2018-04-25 13:30:00,10605.9,2018-04-26 09:15:00,10586.5,-19.399999999999636,0.0,0.0,0.0,-19.399999999999636
377,2018-04-26 15:15:00,10622.95,2018-04-30 14:00:00,10731.0,108.04999999999927,0.0,0.0,0.0,108.04999999999927
378,2018-05-02 13:00:00,10750.9,2018-05-02 15:00:00,10711.3,-39.600000000000364,0.0,0.0,0.0,-39.600000000000364
379,2018-05-03 13:30:00,10706.35,2018-05-04 10:45:00,10637.85,-68.5,0.0,0.0,0.0,-68.5
380,2018-05-07 10:45:00,10655.75,2018-05-08 13:15:00,10704.45,48.70000000000073,0.0,0.0,0.0,48.70000000000073
381,2018-05-09 11:15:00,10730.05,2018-05-10 10:45:00,10743.95,13.900000000001455,0.0,0.0,0.0,13.900000000001455
382,2018-05-11 10:45:00,10757.85,2018-05-14 12:15:00,10790.35,32.5,0.0,0.0,0.0,32.5
383,2018-05-15 09:30:00,10863.05,2018-05-15 13:00:00,10862.6,-0.4499999999989086,0.0,0.0,0.0,-0.4499999999989086
384,2018-05-16 12:30:00,10766.3,2018-05-16 15:00:00,10731.05,-35.25,0.0,0.0,0.0,-35.25
385,2018-05-23 09:15:00,10521.1,2018-05-23 10:15:00,10490.0,-31.100000000000364,0.0,0.0,0.0,-31.100000000000364
386,2018-05-24 11:30:00,10476.3,2018-05-29 13:15:00,10659.05,182.75,0.0,0.0,0.0,182.75
387,2018-05-30 12:30:00,10595.35,2018-06-01 12:00:00,10713.85,118.5,0.0,0.0,0.0,118.5
388,2018-06-06 09:15:00,10603.45,2018-06-07 15:15:00,10773.75,170.29999999999927,0.0,0.0,0.0,170.29999999999927
389,2018-06-08 14:45:00,10767.25,2018-06-11 15:00:00,10807.35,40.100000000000364,0.0,0.0,0.0,40.100000000000364
390,2018-06-12 11:15:00,10836.9,2018-06-14 09:30:00,10827.5,-9.399999999999636,0.0,0.0,0.0,-9.399999999999636
391,2018-06-14 14:45:00,10812.3,2018-06-15 12:30:00,10798.0,-14.299999999999272,0.0,0.0,0.0,-14.299999999999272
392,2018-06-15 15:15:00,10825.0,2018-06-19 09:30:00,10753.15,-71.85000000000036,0.0,0.0,0.0,-71.85000000000036
393,2018-06-20 11:15:00,10757.5,2018-06-22 09:30:00,10737.3,-20.200000000000728,0.0,0.0,0.0,-20.200000000000728
394,2018-06-22 11:45:00,10735.05,2018-06-25 14:45:00,10771.7,36.650000000001455,0.0,0.0,0.0,36.650000000001455
395,2018-06-26 12:30:00,10800.2,2018-06-27 10:45:00,10746.55,-53.650000000001455,0.0,0.0,0.0,-53.650000000001455
396,2018-06-29 09:45:00,10658.2,2018-07-02 10:15:00,10652.4,-5.800000000001091,0.0,0.0,0.0,-5.800000000001091
397,2018-07-02 14:15:00,10657.65,2018-07-05 12:00:00,10750.35,92.70000000000073,0.0,0.0,0.0,92.70000000000073
398,2018-07-05 13:15:00,10778.4,2018-07-11 12:30:00,10944.0,165.60000000000036,0.0,0.0,0.0,165.60000000000036
399,2018-07-12 09:30:00,11024.4,2018-07-12 14:15:00,11028.2,3.8000000000010914,0.0,0.0,0.0,3.8000000000010914
400,2018-07-17 12:00:00,10967.95,2018-07-18 14:00:00,10978.2,10.25,0.0,0.0,0.0,10.25
401,2018-07-20 10:15:00,11007.15,2018-07-26 14:30:00,11138.65,131.5,0.0,0.0,0.0,131.5
402,2018-07-27 09:30:00,11230.0,2018-07-31 10:30:00,11282.3,52.29999999999927,0.0,0.0,0.0,52.29999999999927
403,2018-07-31 14:15:00,11313.75,2018-08-01 11:30:00,11349.45,35.70000000000073,0.0,0.0,0.0,35.70000000000073
404,2018-08-03 10:00:00,11332.65,2018-08-07 11:15:00,11373.65,41.0,0.0,0.0,0.0,41.0
405,2018-08-07 13:00:00,11393.4,2018-08-10 10:00:00,11445.85,52.45000000000073,0.0,0.0,0.0,52.45000000000073
406,2018-08-13 13:00:00,11394.55,2018-08-13 15:00:00,11355.95,-38.599999999998545,0.0,0.0,0.0,-38.599999999998545
407,2018-08-14 10:15:00,11412.3,2018-08-16 09:30:00,11400.9,-11.399999999999636,0.0,0.0,0.0,-11.399999999999636
408,2018-08-16 11:15:00,11444.6,2018-08-16 13:15:00,11408.7,-35.899999999999636,0.0,0.0,0.0,-35.899999999999636
409,2018-08-17 09:30:00,11444.85,2018-08-17 13:30:00,11462.05,17.19999999999891,0.0,0.0,0.0,17.19999999999891
410,2018-08-17 14:45:00,11484.4,2018-08-21 12:00:00,11548.95,64.55000000000109,0.0,0.0,0.0,64.55000000000109
411,2018-08-21 13:30:00,11567.65,2018-08-24 12:15:00,11555.35,-12.299999999999272,0.0,0.0,0.0,-12.299999999999272
412,2018-08-27 09:30:00,11645.85,2018-08-29 11:30:00,11729.05,83.19999999999891,0.0,0.0,0.0,83.19999999999891
413,2018-08-31 09:45:00,11723.45,2018-08-31 11:15:00,11651.1,-72.35000000000036,0.0,0.0,0.0,-72.35000000000036
414,2018-08-31 15:00:00,11669.15,2018-09-03 11:30:00,11695.7,26.55000000000109,0.0,0.0,0.0,26.55000000000109
415,2018-09-05 15:15:00,11474.65,2018-09-06 12:45:00,11458.0,-16.649999999999636,0.0,0.0,0.0,-16.649999999999636
416,2018-09-06 14:30:00,11526.5,2018-09-10 10:00:00,11511.45,-15.049999999999272,0.0,0.0,0.0,-15.049999999999272
417,2018-09-12 14:15:00,11353.35,2018-09-17 09:45:00,11414.25,60.899999999999636,0.0,0.0,0.0,60.899999999999636
418,2018-09-21 09:45:00,11336.6,2018-09-21 12:45:00,11183.1,-153.5,0.0,0.0,0.0,-153.5
419,2018-09-25 11:00:00,11016.85,2018-09-26 13:00:00,11015.65,-1.2000000000007276,0.0,0.0,0.0,-1.2000000000007276
420,2018-09-27 09:30:00,11074.8,2018-09-27 11:45:00,11007.55,-67.25,0.0,0.0,0.0,-67.25
421,2018-09-28 11:45:00,11021.0,2018-09-28 14:15:00,10914.05,-106.95000000000073,0.0,0.0,0.0,-106.95000000000073
422,2018-10-01 13:30:00,10900.55,2018-10-03 10:30:00,10910.75,10.200000000000728,0.0,0.0,0.0,10.200000000000728
423,2018-10-03 13:30:00,10962.4,2018-10-03 15:00:00,10863.95,-98.44999999999891,0.0,0.0,0.0,-98.44999999999891
424,2018-10-08 11:15:00,10388.0,2018-10-08 14:15:00,10240.05,-147.95000000000073,0.0,0.0,0.0,-147.95000000000073
425,2018-10-09 11:15:00,10321.4,2018-10-11 09:30:00,10194.3,-127.10000000000036,0.0,0.0,0.0,-127.10000000000036
426,2018-10-11 12:15:00,10261.1,2018-10-11 14:45:00,10200.45,-60.649999999999636,0.0,0.0,0.0,-60.649999999999636
427,2018-10-12 10:15:00,10441.7,2018-10-15 11:00:00,10424.55,-17.150000000001455,0.0,0.0,0.0,-17.150000000001455
428,2018-10-15 12:30:00,10474.0,2018-10-16 12:15:00,10552.55,78.54999999999927,0.0,0.0,0.0,78.54999999999927
429,2018-10-16 14:00:00,10588.85,2018-10-17 11:15:00,10608.1,19.25,0.0,0.0,0.0,19.25
430,2018-10-22 09:30:00,10335.5,2018-10-22 14:45:00,10296.3,-39.20000000000073,0.0,0.0,0.0,-39.20000000000073
431,2018-10-24 09:30:00,10241.65,2018-10-24 12:30:00,10196.55,-45.100000000000364,0.0,0.0,0.0,-45.100000000000364
432,2018-10-25 13:30:00,10156.65,2018-10-26 09:45:00,10032.65,-124.0,0.0,0.0,0.0,-124.0
433,2018-10-26 12:15:00,10104.3,2018-10-26 15:15:00,10042.65,-61.649999999999636,0.0,0.0,0.0,-61.649999999999636
434,2018-10-29 11:30:00,10093.15,2018-10-30 13:30:00,10222.05,128.89999999999964,0.0,0.0,0.0,128.89999999999964
435,2018-10-31 11:45:00,10196.55,2018-11-05 09:30:00,10523.4,326.85000000000036,0.0,0.0,0.0,326.85000000000036
436,2018-11-06 09:30:00,10583.85,2018-11-06 14:30:00,10502.75,-81.10000000000036,0.0,0.0,0.0,-81.10000000000036
437,2018-11-07 17:45:00,10594.75,2018-11-09 14:00:00,10566.55,-28.200000000000728,0.0,0.0,0.0,-28.200000000000728
438,2018-11-12 09:30:00,10628.2,2018-11-12 12:00:00,10585.7,-42.5,0.0,0.0,0.0,-42.5
439,2018-11-13 12:15:00,10503.3,2018-11-14 14:00:00,10569.65,66.35000000000036,0.0,0.0,0.0,66.35000000000036
440,2018-11-15 11:00:00,10595.5,2018-11-16 14:45:00,10642.55,47.04999999999927,0.0,0.0,0.0,47.04999999999927
441,2018-11-19 09:30:00,10725.85,2018-11-20 12:45:00,10710.15,-15.700000000000728,0.0,0.0,0.0,-15.700000000000728
442,2018-11-21 14:00:00,10603.3,2018-11-22 12:00:00,10611.4,8.100000000000364,0.0,0.0,0.0,8.100000000000364
443,2018-11-26 13:30:00,10554.75,2018-11-30 13:00:00,10865.4,310.64999999999964,0.0,0.0,0.0,310.64999999999964
444,2018-12-03 09:30:00,10906.45,2018-12-03 11:45:00,10881.35,-25.100000000000364,0.0,0.0,0.0,-25.100000000000364
445,2018-12-04 09:15:00,10877.1,2018-12-04 11:15:00,10842.65,-34.45000000000073,0.0,0.0,0.0,-34.45000000000073
446,2018-12-07 10:30:00,10642.0,2018-12-10 09:30:00,10526.3,-115.70000000000073,0.0,0.0,0.0,-115.70000000000073
447,2018-12-10 12:15:00,10540.55,2018-12-10 14:30:00,10495.05,-45.5,0.0,0.0,0.0,-45.5
448,2018-12-11 11:30:00,10466.8,2018-12-13 15:00:00,10759.4,292.60000000000036,0.0,0.0,0.0,292.60000000000036
449,2018-12-17 09:30:00,10854.75,2018-12-18 10:15:00,10834.05,-20.700000000000728,0.0,0.0,0.0,-20.700000000000728
450,2018-12-18 13:15:00,10861.9,2018-12-20 09:30:00,10918.7,56.80000000000109,0.0,0.0,0.0,56.80000000000109
451,2018-12-20 12:30:00,10918.8,2018-12-21 10:30:00,10852.6,-66.19999999999891,0.0,0.0,0.0,-66.19999999999891
452,2018-12-24 13:45:00,10752.65,2018-12-24 14:45:00,10682.75,-69.89999999999964,0.0,0.0,0.0,-69.89999999999964
453,2018-12-26 12:15:00,10598.75,2018-12-31 12:30:00,10858.85,260.10000000000036,0.0,0.0,0.0,260.10000000000036
454,2019-01-01 14:45:00,10883.4,2019-01-02 12:00:00,10873.85,-9.549999999999272,0.0,0.0,0.0,-9.549999999999272
455,2019-01-04 11:45:00,10694.35,2019-01-07 14:45:00,10786.0,91.64999999999964,0.0,0.0,0.0,91.64999999999964
456,2019-01-08 14:15:00,10806.4,2019-01-09 12:30:00,10822.15,15.75,0.0,0.0,0.0,15.75
457,2019-01-09 13:30:00,10857.9,2019-01-10 12:00:00,10824.65,-33.25,0.0,0.0,0.0,-33.25
458,2019-01-11 15:15:00,10805.55,2019-01-14 10:00:00,10728.3,-77.25,0.0,0.0,0.0,-77.25
459,2019-01-14 15:15:00,10738.55,2019-01-16 11:15:00,10888.45,149.90000000000146,0.0,0.0,0.0,149.90000000000146
460,2019-01-17 11:15:00,10918.65,2019-01-17 12:30:00,10892.3,-26.350000000000364,0.0,0.0,0.0,-26.350000000000364
461,2019-01-17 15:00:00,10925.15,2019-01-18 10:15:00,10874.55,-50.600000000000364,0.0,0.0,0.0,-50.600000000000364
462,2019-01-18 14:00:00,10904.45,2019-01-22 09:30:00,10919.7,15.25,0.0,0.0,0.0,15.25
463,2019-01-22 14:15:00,10916.0,2019-01-23 14:45:00,10875.85,-40.149999999999636,0.0,0.0,0.0,-40.149999999999636
464,2019-01-25 09:30:00,10924.9,2019-01-25 12:30:00,10893.3,-31.600000000000364,0.0,0.0,0.0,-31.600000000000364
465,2019-01-30 09:30:00,10694.8,2019-01-30 11:15:00,10629.6,-65.19999999999891,0.0,0.0,0.0,-65.19999999999891
466,2019-01-30 14:30:00,10688.95,2019-02-01 14:15:00,10868.95,180.0,0.0,0.0,0.0,180.0
467,2019-02-04 14:45:00,10914.2,2019-02-07 12:45:00,11056.3,142.09999999999854,0.0,0.0,0.0,142.09999999999854
468,2019-02-07 14:45:00,11107.1,2019-02-08 09:30:00,11020.35,-86.75,0.0,0.0,0.0,-86.75
469,2019-02-11 12:30:00,10896.05,2019-02-12 15:00:00,10838.75,-57.29999999999927,0.0,0.0,0.0,-57.29999999999927
470,2019-02-13 12:00:00,10860.6,2019-02-13 15:15:00,10788.5,-72.10000000000036,0.0,0.0,0.0,-72.10000000000036
471,2019-02-15 14:00:00,10685.9,2019-02-18 10:45:00,10667.85,-18.049999999999272,0.0,0.0,0.0,-18.049999999999272
472,2019-02-19 12:45:00,10697.8,2019-02-19 14:45:00,10652.75,-45.04999999999927,0.0,0.0,0.0,-45.04999999999927
473,2019-02-20 10:45:00,10680.15,2019-02-26 10:00:00,10762.95,82.80000000000109,0.0,0.0,0.0,82.80000000000109
474,2019-02-26 11:45:00,10824.45,2019-02-27 12:00:00,10827.4,2.9499999999989086,0.0,0.0,0.0,2.9499999999989086
475,2019-02-28 09:30:00,10827.1,2019-02-28 13:00:00,10798.25,-28.850000000000364,0.0,0.0,0.0,-28.850000000000364
476,2019-02-28 14:15:00,10838.35,2019-03-01 12:45:00,10835.7,-2.649999999999636,0.0,0.0,0.0,-2.649999999999636
477,2019-03-05 10:15:00,10855.4,2019-03-07 12:45:00,11032.0,176.60000000000036,0.0,0.0,0.0,176.60000000000036
478,2019-03-07 14:15:00,11078.45,2019-03-08 09:30:00,11037.4,-41.05000000000109,0.0,0.0,0.0,-41.05000000000109
479,2019-03-11 09:30:00,11109.7,2019-03-14 11:45:00,11338.95,229.25,0.0,0.0,0.0,229.25
480,2019-03-15 09:30:00,11404.7,2019-03-18 11:45:00,11447.25,42.54999999999927,0.0,0.0,0.0,42.54999999999927
481,2019-03-19 10:30:00,11471.9,2019-03-20 12:30:00,11506.4,34.5,0.0,0.0,0.0,34.5
482,2019-03-26 09:30:00,11374.0,2019-03-26 11:45:00,11369.4,-4.600000000000364,0.0,0.0,0.0,-4.600000000000364
483,2019-03-26 14:15:00,11412.5,2019-03-27 14:00:00,11448.9,36.399999999999636,0.0,0.0,0.0,36.399999999999636
484,2019-03-28 11:15:00,11508.9,2019-04-02 09:15:00,11711.55,202.64999999999964,0.0,0.0,0.0,202.64999999999964
485,2019-04-02 12:15:00,11702.9,2019-04-03 12:30:00,11729.65,26.75,0.0,0.0,0.0,26.75
486,2019-04-05 12:00:00,11633.75,2019-04-08 13:15:00,11623.65,-10.100000000000364,0.0,0.0,0.0,-10.100000000000364
487,2019-04-09 14:15:00,11636.2,2019-04-10 14:30:00,11592.85,-43.350000000000364,0.0,0.0,0.0,-43.350000000000364
488,2019-04-11 15:15:00,11597.8,2019-04-12 11:45:00,11586.45,-11.349999999998545,0.0,0.0,0.0,-11.349999999998545
489,2019-04-12 14:15:00,11634.7,2019-04-18 11:45:00,11753.3,118.59999999999854,0.0,0.0,0.0,118.59999999999854
490,2019-04-24 14:15:00,11659.25,2019-04-25 13:30:00,11733.2,73.95000000000073,0.0,0.0,0.0,73.95000000000073
491,2019-04-26 14:15:00,11734.75,2019-04-30 10:00:00,11663.9,-70.85000000000036,0.0,0.0,0.0,-70.85000000000036
492,2019-04-30 11:45:00,11703.1,2019-05-02 13:00:00,11725.8,22.69999999999891,0.0,0.0,0.0,22.69999999999891
493,2019-05-07 12:45:00,11626.95,2019-05-07 14:15:00,11583.6,-43.350000000000364,0.0,0.0,0.0,-43.350000000000364
494,2019-05-09 11:00:00,11345.45,2019-05-09 12:15:00,11311.35,-34.100000000000364,0.0,0.0,0.0,-34.100000000000364
495,2019-05-10 11:15:00,11336.35,2019-05-13 09:15:00,11258.7,-77.64999999999964,0.0,0.0,0.0,-77.64999999999964
496,2019-05-14 13:30:00,11200.65,2019-05-15 13:00:00,11239.65,39.0,0.0,0.0,0.0,39.0
497,2019-05-16 14:00:00,11204.45,2019-05-21 13:00:00,11785.45,581.0,0.0,0.0,0.0,581.0
498,2019-05-22 10:45:00,11750.1,2019-05-23 12:00:00,11862.6,112.5,0.0,0.0,0.0,112.5
499,2019-05-24 11:45:00,11731.85,2019-05-28 12:45:00,11892.6,160.75,0.0,0.0,0.0,160.75
500,2019-05-30 10:00:00,11906.45,2019-05-31 12:15:00,11912.95,6.5,0.0,0.0,0.0,6.5
501,2019-06-03 10:15:00,11976.65,2019-06-04 11:15:00,12038.3,61.649999999999636,0.0,0.0,0.0,61.649999999999636
502,2019-06-10 09:30:00,11959.4,2019-06-10 12:00:00,11893.45,-65.94999999999891,0.0,0.0,0.0,-65.94999999999891
503,2019-06-11 09:15:00,11959.85,2019-06-12 09:30:00,11924.15,-35.70000000000073,0.0,0.0,0.0,-35.70000000000073
504,2019-06-13 14:00:00,11871.15,2019-06-14 10:45:00,11866.25,-4.899999999999636,0.0,0.0,0.0,-4.899999999999636
505,2019-06-18 13:15:00,11720.25,2019-06-18 15:00:00,11641.4,-78.85000000000036,0.0,0.0,0.0,-78.85000000000036
506,2019-06-19 10:15:00,11784.95,2019-06-19 11:45:00,11717.55,-67.40000000000146,0.0,0.0,0.0,-67.40000000000146
507,2019-06-20 11:00:00,11737.3,2019-06-21 14:15:00,11728.85,-8.449999999998909,0.0,0.0,0.0,-8.449999999998909
508,2019-06-25 12:30:00,11732.4,2019-06-27 14:15:00,11848.05,115.64999999999964,0.0,0.0,0.0,115.64999999999964
509,2019-07-01 09:30:00,11854.8,2019-07-02 11:00:00,11821.75,-33.04999999999927,0.0,0.0,0.0,-33.04999999999927
510,2019-07-02 13:45:00,11878.0,2019-07-05 11:30:00,11931.6,53.600000000000364,0.0,0.0,0.0,53.600000000000364
511,2019-07-09 11:45:00,11543.35,2019-07-10 12:15:00,11505.45,-37.899999999999636,0.0,0.0,0.0,-37.899999999999636
512,2019-07-11 10:00:00,11551.55,2019-07-12 15:00:00,11565.95,14.400000000001455,0.0,0.0,0.0,14.400000000001455
513,2019-07-15 14:30:00,11583.1,2019-07-18 09:30:00,11662.15,79.04999999999927,0.0,0.0,0.0,79.04999999999927
514,2019-07-23 12:00:00,11359.1,2019-07-24 09:45:00,11290.55,-68.55000000000109,0.0,0.0,0.0,-68.55000000000109
515,2019-07-24 13:30:00,11282.9,2019-07-25 12:00:00,11278.35,-4.549999999999272,0.0,0.0,0.0,-4.549999999999272
516,2019-07-26 11:45:00,11285.5,2019-07-29 10:15:00,11240.3,-45.20000000000073,0.0,0.0,0.0,-45.20000000000073
517,2019-07-29 14:00:00,11204.1,2019-07-30 11:15:00,11207.65,3.5499999999992724,0.0,0.0,0.0,3.5499999999992724
518,2019-07-31 12:00:00,11080.1,2019-08-01 10:30:00,11029.25,-50.850000000000364,0.0,0.0,0.0,-50.850000000000364
519,2019-08-02 11:45:00,10925.3,2019-08-05 09:30:00,10858.15,-67.14999999999964,0.0,0.0,0.0,-67.14999999999964
520,2019-08-05 12:45:00,10881.7,2019-08-07 09:15:00,10958.1,76.39999999999964,0.0,0.0,0.0,76.39999999999964
521,2019-08-08 14:30:00,10955.35,2019-08-09 15:15:00,11110.85,155.5,0.0,0.0,0.0,155.5
522,2019-08-14 10:45:00,11036.6,2019-08-16 09:30:00,10943.35,-93.25,0.0,0.0,0.0,-93.25
523,2019-08-16 11:30:00,11028.35,2019-08-19 14:30:00,11053.7,25.350000000000364,0.0,0.0,0.0,25.350000000000364
524,2019-08-20 14:15:00,11045.75,2019-08-21 11:15:00,10992.85,-52.899999999999636,0.0,0.0,0.0,-52.899999999999636
525,2019-08-23 10:45:00,10783.8,2019-08-28 10:45:00,11061.9,278.10000000000036,0.0,0.0,0.0,278.10000000000036
526,2019-08-29 14:15:00,11011.45,2019-08-30 11:15:00,10915.45,-96.0,0.0,0.0,0.0,-96.0
527,2019-08-30 14:00:00,10956.55,2019-09-03 10:30:00,10894.45,-62.099999999998545,0.0,0.0,0.0,-62.099999999998545
528,2019-09-04 13:15:00,10828.55,2019-09-05 12:00:00,10842.05,13.5,0.0,0.0,0.0,13.5
529,2019-09-06 09:30:00,10885.95,2019-09-12 11:30:00,11031.55,145.59999999999854,0.0,0.0,0.0,145.59999999999854
530,2019-09-13 14:15:00,11023.5,2019-09-16 10:45:00,11012.85,-10.649999999999636,0.0,0.0,0.0,-10.649999999999636
531,2019-09-18 13:15:00,10867.95,2019-09-19 10:45:00,10734.4,-133.5500000000011,0.0,0.0,0.0,-133.5500000000011
532,2019-09-20 11:00:00,10903.45,2019-09-23 14:15:00,11595.6,692.1499999999996,0.0,0.0,0.0,692.1499999999996
533,2019-09-26 09:45:00,11559.15,2019-09-27 11:00:00,11524.55,-34.600000000000364,0.0,0.0,0.0,-34.600000000000364
534,2019-09-27 13:45:00,11566.95,2019-09-30 09:30:00,11461.55,-105.40000000000146,0.0,0.0,0.0,-105.40000000000146
535,2019-10-01 09:15:00,11515.4,2019-10-01 13:30:00,11434.15,-81.25,0.0,0.0,0.0,-81.25
536,2019-10-03 12:15:00,11347.65,2019-10-03 14:45:00,11292.55,-55.100000000000364,0.0,0.0,0.0,-55.100000000000364
537,2019-10-04 10:45:00,11371.6,2019-10-04 12:15:00,11272.6,-99.0,0.0,0.0,0.0,-99.0
538,2019-10-09 12:00:00,11195.05,2019-10-10 11:30:00,11241.6,46.55000000000109,0.0,0.0,0.0,46.55000000000109
539,2019-10-11 09:45:00,11342.05,2019-10-16 13:30:00,11424.9,82.85000000000036,0.0,0.0,0.0,82.85000000000036
540,2019-10-17 10:45:00,11479.15,2019-10-23 10:45:00,11618.85,139.70000000000073,0.0,0.0,0.0,139.70000000000073
541,2019-10-24 13:00:00,11611.65,2019-10-25 12:15:00,11570.4,-41.25,0.0,0.0,0.0,-41.25
542,2019-10-25 14:45:00,11605.45,2019-11-01 10:30:00,11881.4,275.9499999999989,0.0,0.0,0.0,275.9499999999989
543,2019-11-04 09:30:00,11966.25,2019-11-04 13:30:00,11916.05,-50.20000000000073,0.0,0.0,0.0,-50.20000000000073
544,2019-11-05 10:30:00,11948.9,2019-11-05 12:15:00,11896.35,-52.54999999999927,0.0,0.0,0.0,-52.54999999999927
545,2019-11-05 15:15:00,11918.4,2019-11-07 12:45:00,11951.25,32.850000000000364,0.0,0.0,0.0,32.850000000000364
546,2019-11-07 14:15:00,12005.1,2019-11-08 10:45:00,11959.95,-45.149999999999636,0.0,0.0,0.0,-45.149999999999636
547,2019-11-08 12:45:00,12002.5,2019-11-08 14:30:00,11965.15,-37.350000000000364,0.0,0.0,0.0,-37.350000000000364
548,2019-11-11 15:15:00,11919.75,2019-11-13 12:15:00,11892.8,-26.950000000000728,0.0,0.0,0.0,-26.950000000000728
549,2019-11-14 11:15:00,11873.15,2019-11-14 12:30:00,11819.8,-53.350000000000364,0.0,0.0,0.0,-53.350000000000364
550,2019-11-14 15:00:00,11875.35,2019-11-18 09:45:00,11911.05,35.69999999999891,0.0,0.0,0.0,35.69999999999891
551,2019-11-19 10:30:00,11901.85,2019-11-20 14:30:00,11989.2,87.35000000000036,0.0,0.0,0.0,87.35000000000036
552,2019-11-21 13:15:00,12003.9,2019-11-22 09:30:00,11954.05,-49.850000000000364,0.0,0.0,0.0,-49.850000000000364
553,2019-11-25 09:30:00,11958.4,2019-11-26 12:00:00,12071.65,113.25,0.0,0.0,0.0,113.25
554,2019-11-27 10:15:00,12099.1,2019-11-29 10:00:00,12091.6,-7.5,0.0,0.0,0.0,-7.5
555,2019-12-02 09:30:00,12086.1,2019-12-02 12:00:00,12053.05,-33.05000000000109,0.0,0.0,0.0,-33.05000000000109
556,2019-12-04 09:15:00,11969.95,2019-12-04 12:00:00,11984.95,15.0,0.0,0.0,0.0,15.0
557,2019-12-04 15:00:00,12020.95,2019-12-05 14:45:00,12015.65,-5.300000000001091,0.0,0.0,0.0,-5.300000000001091
558,2019-12-09 12:45:00,11958.35,2019-12-09 14:30:00,11931.3,-27.05000000000109,0.0,0.0,0.0,-27.05000000000109
559,2019-12-12 09:30:00,11947.9,2019-12-20 13:45:00,12269.3,321.39999999999964,0.0,0.0,0.0,321.39999999999964
560,2019-12-27 10:45:00,12203.8,2019-12-30 11:45:00,12232.45,28.650000000001455,0.0,0.0,0.0,28.650000000001455
561,2019-12-30 15:15:00,12257.9,2019-12-31 11:00:00,12203.15,-54.75,0.0,0.0,0.0,-54.75
562,2019-12-31 13:45:00,12229.6,2019-12-31 15:00:00,12194.95,-34.649999999999636,0.0,0.0,0.0,-34.649999999999636
563,2020-01-02 10:15:00,12220.0,2020-01-03 10:45:00,12240.65,20.649999999999636,0.0,0.0,0.0,20.649999999999636
564,2020-01-07 09:30:00,12125.25,2020-01-07 12:00:00,12066.95,-58.29999999999927,0.0,0.0,0.0,-58.29999999999927
565,2020-01-08 14:15:00,12007.35,2020-01-10 13:45:00,12259.25,251.89999999999964,0.0,0.0,0.0,251.89999999999964
566,2020-01-13 09:30:00,12325.65,2020-01-13 14:15:00,12300.9,-24.75,0.0,0.0,0.0,-24.75
567,2020-01-14 12:00:00,12337.9,2020-01-15 10:15:00,12292.8,-45.100000000000364,0.0,0.0,0.0,-45.100000000000364
568,2020-01-15 15:15:00,12348.9,2020-01-16 11:00:00,12338.2,-10.699999999998909,0.0,0.0,0.0,-10.699999999998909
569,2020-01-16 14:00:00,12359.8,2020-01-17 12:15:00,12345.95,-13.849999999998545,0.0,0.0,0.0,-13.849999999998545
570,2020-01-23 12:30:00,12146.95,2020-01-27 09:30:00,12178.15,31.19999999999891,0.0,0.0,0.0,31.19999999999891
571,2020-01-29 09:45:00,12143.95,2020-01-30 09:30:00,12084.6,-59.350000000000364,0.0,0.0,0.0,-59.350000000000364
572,2020-01-31 13:30:00,12008.75,2020-02-01 09:30:00,11932.2,-76.54999999999927,0.0,0.0,0.0,-76.54999999999927
573,2020-02-01 11:00:00,11995.25,2020-02-01 13:00:00,11895.0,-100.25,0.0,0.0,0.0,-100.25
574,2020-02-04 09:30:00,11835.1,2020-02-05 12:15:00,11993.0,157.89999999999964,0.0,0.0,0.0,157.89999999999964
575,2020-02-05 14:30:00,12085.0,2020-02-07 10:15:00,12116.85,31.850000000000364,0.0,0.0,0.0,31.850000000000364
576,2020-02-11 09:30:00,12141.1,2020-02-11 12:00:00,12131.0,-10.100000000000364,0.0,0.0,0.0,-10.100000000000364
577,2020-02-12 10:15:00,12222.0,2020-02-12 13:15:00,12198.25,-23.75,0.0,0.0,0.0,-23.75
578,2020-02-13 15:15:00,12174.5,2020-02-14 12:45:00,12152.05,-22.450000000000728,0.0,0.0,0.0,-22.450000000000728
579,2020-02-18 15:00:00,11960.5,2020-02-20 14:45:00,12105.3,144.79999999999927,0.0,0.0,0.0,144.79999999999927
580,2020-02-26 13:00:00,11733.95,2020-02-26 14:45:00,11666.25,-67.70000000000073,0.0,0.0,0.0,-67.70000000000073
581,2020-02-27 13:15:00,11604.7,2020-02-28 09:30:00,11339.9,-264.8000000000011,0.0,0.0,0.0,-264.8000000000011
582,2020-03-02 10:00:00,11366.85,2020-03-02 15:00:00,11272.45,-94.39999999999964,0.0,0.0,0.0,-94.39999999999964
583,2020-03-03 14:00:00,11264.35,2020-03-04 12:00:00,11242.35,-22.0,0.0,0.0,0.0,-22.0
584,2020-03-04 15:15:00,11258.8,2020-03-05 15:15:00,11261.95,3.150000000001455,0.0,0.0,0.0,3.150000000001455
585,2020-03-06 13:15:00,10980.6,2020-03-09 09:30:00,10661.4,-319.2000000000007,0.0,0.0,0.0,-319.2000000000007
586,2020-03-09 15:00:00,10487.2,2020-03-12 09:30:00,9938.75,-548.4500000000007,0.0,0.0,0.0,-548.4500000000007
587,2020-03-13 12:00:00,9591.3,2020-03-16 09:30:00,9426.95,-164.34999999999854,0.0,0.0,0.0,-164.34999999999854
588,2020-03-19 12:30:00,8244.05,2020-03-23 09:30:00,8048.55,-195.4999999999991,0.0,0.0,0.0,-195.4999999999991
589,2020-03-24 11:45:00,7801.2,2020-03-27 11:00:00,8626.75,825.5500000000002,0.0,0.0,0.0,825.5500000000002
590,2020-03-27 14:30:00,8837.95,2020-03-30 09:30:00,8399.15,-438.8000000000011,0.0,0.0,0.0,-438.8000000000011
591,2020-03-31 10:00:00,8446.05,2020-04-01 09:45:00,8414.0,-32.04999999999927,0.0,0.0,0.0,-32.04999999999927
592,2020-04-07 09:30:00,8370.65,2020-04-08 12:45:00,8823.4,452.75,0.0,0.0,0.0,452.75
593,2020-04-09 09:30:00,8973.2,2020-04-13 13:30:00,8982.8,9.599999999998545,0.0,0.0,0.0,9.599999999998545
594,2020-04-15 09:30:00,9126.35,2020-04-15 13:30:00,9123.1,-3.25,0.0,0.0,0.0,-3.25
595,2020-04-16 12:15:00,9012.35,2020-04-17 11:45:00,9154.25,141.89999999999964,0.0,0.0,0.0,141.89999999999964
596,2020-04-17 15:00:00,9236.45,2020-04-20 12:45:00,9254.75,18.299999999999272,0.0,0.0,0.0,18.299999999999272
597,2020-04-22 10:30:00,9000.25,2020-04-24 09:30:00,9167.65,167.39999999999964,0.0,0.0,0.0,167.39999999999964
598,2020-04-24 12:30:00,9262.35,2020-04-24 15:15:00,9145.0,-117.35000000000036,0.0,0.0,0.0,-117.35000000000036
599,2020-04-27 09:45:00,9332.95,2020-04-27 14:30:00,9300.5,-32.45000000000073,0.0,0.0,0.0,-32.45000000000073
600,2020-04-28 13:30:00,9354.5,2020-04-30 13:45:00,9789.7,435.2000000000007,0.0,0.0,0.0,435.2000000000007
601,2020-05-05 09:30:00,9391.6,2020-05-05 14:30:00,9279.2,-112.39999999999964,0.0,0.0,0.0,-112.39999999999964
602,2020-05-06 12:15:00,9327.25,2020-05-07 09:30:00,9218.4,-108.85000000000036,0.0,0.0,0.0,-108.85000000000036
603,2020-05-08 09:30:00,9327.2,2020-05-11 11:30:00,9332.1,4.899999999999636,0.0,0.0,0.0,4.899999999999636
604,2020-05-12 14:15:00,9118.95,2020-05-14 09:30:00,9256.5,137.54999999999927,0.0,0.0,0.0,137.54999999999927
605,2020-05-15 14:15:00,9143.2,2020-05-18 10:00:00,8927.0,-216.20000000000073,0.0,0.0,0.0,-216.20000000000073
606,2020-05-19 10:00:00,8955.55,2020-05-19 13:45:00,8907.25,-48.29999999999927,0.0,0.0,0.0,-48.29999999999927
607,2020-05-20 10:00:00,8984.55,2020-05-22 10:15:00,9067.45,82.90000000000146,0.0,0.0,0.0,82.90000000000146
608,2020-05-26 09:15:00,9099.75,2020-05-26 11:30:00,9090.0,-9.75,0.0,0.0,0.0,-9.75
609,2020-05-27 11:00:00,9109.9,2020-06-01 15:00:00,9838.15,728.25,0.0,0.0,0.0,728.25
610,2020-06-02 12:15:00,9920.8,2020-06-04 09:45:00,10048.6,127.80000000000109,0.0,0.0,0.0,127.80000000000109
611,2020-06-04 15:15:00,10025.6,2020-06-08 13:00:00,10189.65,164.04999999999927,0.0,0.0,0.0,164.04999999999927
612,2020-06-09 11:45:00,10263.3,2020-06-09 13:15:00,10181.1,-82.19999999999891,0.0,0.0,0.0,-82.19999999999891
613,2020-06-10 13:00:00,10129.1,2020-06-11 10:45:00,10068.05,-61.05000000000109,0.0,0.0,0.0,-61.05000000000109
614,2020-06-12 13:00:00,9761.65,2020-06-15 10:30:00,9822.05,60.399999999999636,0.0,0.0,0.0,60.399999999999636
615,2020-06-15 14:15:00,9822.75,2020-06-16 12:15:00,9940.5,117.75,0.0,0.0,0.0,117.75
616,2020-06-17 10:15:00,9937.7,2020-06-18 10:45:00,9898.05,-39.650000000001455,0.0,0.0,0.0,-39.650000000001455
617,2020-06-18 12:15:00,9969.15,2020-06-24 11:45:00,10443.15,474.0,0.0,0.0,0.0,474.0
618,2020-06-26 09:30:00,10392.9,2020-06-26 13:45:00,10329.35,-63.54999999999927,0.0,0.0,0.0,-63.54999999999927
619,2020-06-29 14:30:00,10299.55,2020-07-01 10:30:00,10336.7,37.150000000001455,0.0,0.0,0.0,37.150000000001455
620,2020-07-01 12:15:00,10387.8,2020-07-03 13:45:00,10571.05,183.25,0.0,0.0,0.0,183.25
621,2020-07-06 09:30:00,10713.7,2020-07-06 14:45:00,10750.55,36.849999999998545,0.0,0.0,0.0,36.849999999998545
622,2020-07-07 13:15:00,10766.7,2020-07-08 15:00:00,10724.2,-42.5,0.0,0.0,0.0,-42.5
623,2020-07-09 10:15:00,10781.05,2020-07-10 11:15:00,10752.05,-29.0,0.0,0.0,0.0,-29.0
624,2020-07-10 13:45:00,10782.0,2020-07-13 12:15:00,10808.1,26.100000000000364,0.0,0.0,0.0,26.100000000000364
625,2020-07-15 09:30:00,10713.9,2020-07-15 14:45:00,10689.85,-24.049999999999272,0.0,0.0,0.0,-24.049999999999272
626,2020-07-16 15:15:00,10746.05,2020-07-22 13:45:00,11107.35,361.3000000000011,0.0,0.0,0.0,361.3000000000011
627,2020-07-23 09:45:00,11172.35,2020-07-24 10:45:00,11115.65,-56.70000000000073,0.0,0.0,0.0,-56.70000000000073
628,2020-07-24 14:15:00,11184.25,2020-07-27 11:30:00,11119.55,-64.70000000000073,0.0,0.0,0.0,-64.70000000000073
629,2020-07-28 12:00:00,11204.45,2020-07-29 14:15:00,11204.25,-0.2000000000007276,0.0,0.0,0.0,-0.2000000000007276
630,2020-07-30 10:15:00,11277.75,2020-07-30 13:00:00,11193.05,-84.70000000000073,0.0,0.0,0.0,-84.70000000000073
631,2020-08-04 10:00:00,10973.65,2020-08-05 11:45:00,11133.15,159.5,0.0,0.0,0.0,159.5
632,2020-08-06 10:30:00,11177.2,2020-08-07 09:30:00,11170.25,-6.950000000000728,0.0,0.0,0.0,-6.950000000000728
633,2020-08-10 09:30:00,11307.05,2020-08-10 12:45:00,11310.2,3.150000000001455,0.0,0.0,0.0,3.150000000001455
634,2020-08-11 10:30:00,11358.35,2020-08-11 12:15:00,11320.05,-38.30000000000109,0.0,0.0,0.0,-38.30000000000109
635,2020-08-12 12:30:00,11301.35,2020-08-13 12:30:00,11284.2,-17.149999999999636,0.0,0.0,0.0,-17.149999999999636
636,2020-08-14 12:00:00,11338.85,2020-08-14 13:45:00,11277.6,-61.25,0.0,0.0,0.0,-61.25
637,2020-08-17 10:45:00,11226.15,2020-08-18 12:15:00,11306.45,80.30000000000109,0.0,0.0,0.0,80.30000000000109
638,2020-08-18 14:15:00,11366.05,2020-08-20 09:30:00,11319.7,-46.349999999998545,0.0,0.0,0.0,-46.349999999998545
639,2020-08-21 09:30:00,11405.95,2020-08-25 14:15:00,11439.45,33.5,0.0,0.0,0.0,33.5
640,2020-08-26 09:30:00,11500.65,2020-08-27 13:45:00,11565.95,65.30000000000109,0.0,0.0,0.0,65.30000000000109
641,2020-08-28 09:45:00,11625.95,2020-08-31 11:00:00,11707.05,81.09999999999854,0.0,0.0,0.0,81.09999999999854
642,2020-09-01 11:00:00,11454.45,2020-09-01 14:30:00,11446.1,-8.350000000000364,0.0,0.0,0.0,-8.350000000000364
643,2020-09-02 14:30:00,11533.35,2020-09-03 12:15:00,11519.5,-13.850000000000364,0.0,0.0,0.0,-13.850000000000364
644,2020-09-07 14:00:00,11338.35,2020-09-08 14:45:00,11369.05,30.69999999999891,0.0,0.0,0.0,30.69999999999891
645,2020-09-09 15:15:00,11280.75,2020-09-14 13:45:00,11504.6,223.85000000000036,0.0,0.0,0.0,223.85000000000036
646,2020-09-15 09:45:00,11499.05,2020-09-17 11:30:00,11551.45,52.400000000001455,0.0,0.0,0.0,52.400000000001455
647,2020-09-18 11:45:00,11565.5,2020-09-21 10:00:00,11493.75,-71.75,0.0,0.0,0.0,-71.75
648,2020-09-22 13:45:00,11225.95,2020-09-23 12:15:00,11138.75,-87.20000000000073,0.0,0.0,0.0,-87.20000000000073
649,2020-09-25 11:15:00,10918.45,2020-09-30 10:00:00,11194.95,276.5,0.0,0.0,0.0,276.5
650,2020-09-30 14:00:00,11269.45,2020-10-05 13:00:00,11494.4,224.9499999999989,0.0,0.0,0.0,224.9499999999989
651,2020-10-06 09:30:00,11586.0,2020-10-08 14:45:00,11817.0,231.0,0.0,0.0,0.0,231.0
652,2020-10-09 11:15:00,11915.15,2020-10-09 13:45:00,11869.3,-45.850000000000364,0.0,0.0,0.0,-45.850000000000364
653,2020-10-12 09:15:00,11973.55,2020-10-12 12:15:00,11914.05,-59.5,0.0,0.0,0.0,-59.5
654,2020-10-13 10:30:00,11970.95,2020-10-13 12:45:00,11930.65,-40.30000000000109,0.0,0.0,0.0,-40.30000000000109
655,2020-10-14 14:45:00,11932.3,2020-10-15 13:15:00,11849.15,-83.14999999999964,0.0,0.0,0.0,-83.14999999999964
656,2020-10-16 13:30:00,11774.9,2020-10-19 12:00:00,11836.15,61.25,0.0,0.0,0.0,61.25
657,2020-10-20 09:45:00,11909.2,2020-10-21 13:30:00,11909.4,0.1999999999989086,0.0,0.0,0.0,0.1999999999989086
658,2020-10-22 10:00:00,11903.0,2020-10-26 09:30:00,11899.65,-3.350000000000364,0.0,0.0,0.0,-3.350000000000364
659,2020-10-27 09:15:00,11807.1,2020-10-28 11:15:00,11816.8,9.699999999998909,0.0,0.0,0.0,9.699999999998909
660,2020-10-30 09:45:00,11736.2,2020-10-30 11:15:00,11643.25,-92.95000000000073,0.0,0.0,0.0,-92.95000000000073
661,2020-11-02 11:30:00,11633.35,2020-11-09 12:15:00,12375.45,742.1000000000004,0.0,0.0,0.0,742.1000000000004
662,2020-11-09 14:15:00,12436.5,2020-11-11 11:30:00,12623.5,187.0,0.0,0.0,0.0,187.0
663,2020-11-11 14:30:00,12744.1,2020-11-12 10:30:00,12671.0,-73.10000000000036,0.0,0.0,0.0,-73.10000000000036
664,2020-11-13 13:15:00,12691.1,2020-11-18 12:45:00,12831.6,140.5,0.0,0.0,0.0,140.5
665,2020-11-18 14:00:00,12901.75,2020-11-19 13:30:00,12897.4,-4.350000000000364,0.0,0.0,0.0,-4.350000000000364
666,2020-11-20 14:00:00,12862.15,2020-11-25 10:45:00,13007.05,144.89999999999964,0.0,0.0,0.0,144.89999999999964
667,2020-11-26 14:15:00,12934.5,2020-12-02 11:30:00,13068.15,133.64999999999964,0.0,0.0,0.0,133.64999999999964
668,2020-12-02 15:15:00,13121.2,2020-12-04 12:30:00,13200.15,78.94999999999891,0.0,0.0,0.0,78.94999999999891
669,2020-12-04 15:00:00,13245.05,2020-12-08 11:30:00,13329.85,84.80000000000109,0.0,0.0,0.0,84.80000000000109
670,2020-12-08 14:00:00,13408.75,2020-12-10 09:45:00,13426.35,17.600000000000364,0.0,0.0,0.0,17.600000000000364
671,2020-12-11 09:30:00,13538.85,2020-12-11 14:00:00,13496.55,-42.30000000000109,0.0,0.0,0.0,-42.30000000000109
672,2020-12-14 09:30:00,13576.55,2020-12-14 13:00:00,13490.5,-86.04999999999927,0.0,0.0,0.0,-86.04999999999927
673,2020-12-14 15:15:00,13562.25,2020-12-15 10:15:00,13463.45,-98.79999999999927,0.0,0.0,0.0,-98.79999999999927
674,2020-12-15 12:15:00,13516.65,2020-12-18 10:00:00,13662.4,145.75,0.0,0.0,0.0,145.75
675,2020-12-18 14:00:00,13735.7,2020-12-21 12:45:00,13705.8,-29.900000000001455,0.0,0.0,0.0,-29.900000000001455
676,2020-12-22 14:00:00,13377.75,2020-12-29 11:00:00,13882.7,504.9500000000007,0.0,0.0,0.0,504.9500000000007
677,2020-12-30 14:15:00,13943.05,2021-01-04 11:15:00,14017.65,74.60000000000036,0.0,0.0,0.0,74.60000000000036
678,2021-01-04 13:30:00,14093.25,2021-01-05 10:15:00,14070.8,-22.450000000000728,0.0,0.0,0.0,-22.450000000000728
679,2021-01-05 11:30:00,14128.75,2021-01-06 13:45:00,14154.8,26.049999999999272,0.0,0.0,0.0,26.049999999999272
680,2021-01-07 09:30:00,14222.95,2021-01-07 15:00:00,14176.55,-46.400000000001455,0.0,0.0,0.0,-46.400000000001455
681,2021-01-08 10:15:00,14252.9,2021-01-11 12:00:00,14403.25,150.35000000000036,0.0,0.0,0.0,150.35000000000036
682,2021-01-11 14:45:00,14472.35,2021-01-13 11:30:00,14574.15,101.79999999999927,0.0,0.0,0.0,101.79999999999927
683,2021-01-14 11:15:00,14567.45,2021-01-15 10:45:00,14516.95,-50.5,0.0,0.0,0.0,-50.5
684,2021-01-18 14:15:00,14400.9,2021-01-19 09:15:00,14371.65,-29.25,0.0,0.0,0.0,-29.25
685,2021-01-19 10:15:00,14412.5,2021-01-21 14:45:00,14677.8,265.2999999999993,0.0,0.0,0.0,265.2999999999993
686,2021-01-29 09:30:00,13908.2,2021-01-29 12:15:00,13786.75,-121.45000000000073,0.0,0.0,0.0,-121.45000000000073
687,2021-02-01 11:30:00,13848.55,2021-02-02 11:45:00,14547.6,699.0500000000011,0.0,0.0,0.0,699.0500000000011
688,2021-02-02 14:30:00,14663.7,2021-02-04 09:30:00,14754.8,91.09999999999854,0.0,0.0,0.0,91.09999999999854
689,2021-02-04 11:45:00,14829.45,2021-02-05 15:15:00,14919.65,90.19999999999891,0.0,0.0,0.0,90.19999999999891
690,2021-02-08 09:30:00,15099.5,2021-02-10 09:30:00,15094.6,-4.899999999999636,0.0,0.0,0.0,-4.899999999999636
691,2021-02-11 09:45:00,15137.35,2021-02-12 14:15:00,15117.05,-20.30000000000109,0.0,0.0,0.0,-20.30000000000109
692,2021-02-15 09:30:00,15307.15,2021-02-16 12:30:00,15347.4,40.25,0.0,0.0,0.0,40.25
693,2021-02-17 12:30:00,15293.9,2021-02-17 13:45:00,15195.25,-98.64999999999964,0.0,0.0,0.0,-98.64999999999964
694,2021-02-23 10:45:00,14845.25,2021-02-23 14:45:00,14725.5,-119.75,0.0,0.0,0.0,-119.75
695,2021-02-25 09:15:00,15079.85,2021-02-25 12:00:00,15086.6,6.75,0.0,0.0,0.0,6.75
696,2021-02-25 14:30:00,15167.35,2021-02-26 09:30:00,14901.1,-266.25,0.0,0.0,0.0,-266.25
697,2021-03-01 10:30:00,14785.3,2021-03-01 12:30:00,14644.0,-141.29999999999927,0.0,0.0,0.0,-141.29999999999927
698,2021-03-02 09:15:00,14865.3,2021-03-02 11:30:00,14790.6,-74.69999999999891,0.0,0.0,0.0,-74.69999999999891
699,2021-03-03 09:15:00,15064.4,2021-03-04 12:15:00,15134.75,70.35000000000036,0.0,0.0,0.0,70.35000000000036
700,2021-03-08 10:00:00,15091.05,2021-03-08 12:45:00,14980.65,-110.39999999999964,0.0,0.0,0.0,-110.39999999999964
701,2021-03-09 11:45:00,15082.15,2021-03-09 13:15:00,14973.1,-109.04999999999927,0.0,0.0,0.0,-109.04999999999927
702,2021-03-09 15:15:00,15114.55,2021-03-10 11:45:00,15131.05,16.5,0.0,0.0,0.0,16.5
703,2021-03-10 14:30:00,15184.5,2021-03-12 12:30:00,15229.15,44.649999999999636,0.0,0.0,0.0,44.649999999999636
704,2021-03-15 15:00:00,14894.8,2021-03-16 13:15:00,14939.25,44.45000000000073,0.0,0.0,0.0,44.45000000000073
705,2021-03-19 11:00:00,14598.35,2021-03-22 12:30:00,14634.35,36.0,0.0,0.0,0.0,36.0
706,2021-03-22 15:15:00,14756.3,2021-03-24 09:30:00,14722.4,-33.899999999999636,0.0,0.0,0.0,-33.899999999999636
707,2021-03-25 14:45:00,14432.2,2021-03-31 10:15:00,14747.2,315.0,0.0,0.0,0.0,315.0
708,2021-04-01 13:00:00,14761.3,2021-04-05 10:00:00,14666.0,-95.29999999999927,0.0,0.0,0.0,-95.29999999999927
709,2021-04-05 13:30:00,14601.05,2021-04-06 13:45:00,14638.85,37.80000000000109,0.0,0.0,0.0,37.80000000000109
710,2021-04-07 09:45:00,14772.15,2021-04-08 12:15:00,14889.0,116.85000000000036,0.0,0.0,0.0,116.85000000000036
711,2021-04-08 13:45:00,14973.9,2021-04-08 15:00:00,14840.3,-133.60000000000036,0.0,0.0,0.0,-133.60000000000036
712,2021-04-13 10:15:00,14442.75,2021-04-13 11:45:00,14322.0,-120.75,0.0,0.0,0.0,-120.75
713,2021-04-13 14:15:00,14463.95,2021-04-15 11:15:00,14366.4,-97.55000000000109,0.0,0.0,0.0,-97.55000000000109
714,2021-04-15 13:45:00,14473.6,2021-04-19 09:30:00,14265.3,-208.3000000000011,0.0,0.0,0.0,-208.3000000000011
715,2021-04-19 13:30:00,14328.0,2021-04-20 11:30:00,14390.1,62.100000000000364,0.0,0.0,0.0,62.100000000000364
716,2021-04-22 12:00:00,14317.1,2021-04-23 14:30:00,14313.65,-3.4500000000007276,0.0,0.0,0.0,-3.4500000000007276
717,2021-04-26 09:45:00,14512.2,2021-04-26 13:45:00,14470.0,-42.20000000000073,0.0,0.0,0.0,-42.20000000000073
718,2021-04-27 10:00:00,14567.1,2021-04-30 09:30:00,14805.1,238.0,0.0,0.0,0.0,238.0
719,2021-05-03 14:45:00,14662.4,2021-05-04 14:45:00,14491.6,-170.79999999999927,0.0,0.0,0.0,-170.79999999999927
720,2021-05-05 10:45:00,14593.05,2021-05-07 13:15:00,14778.05,185.0,0.0,0.0,0.0,185.0
721,2021-05-07 15:00:00,14839.1,2021-05-11 09:30:00,14827.05,-12.050000000001091,0.0,0.0,0.0,-12.050000000001091
722,2021-05-11 12:30:00,14897.6,2021-05-11 13:30:00,14819.0,-78.60000000000036,0.0,0.0,0.0,-78.60000000000036
723,2021-05-12 13:15:00,14775.1,2021-05-12 15:00:00,14653.55,-121.55000000000109,0.0,0.0,0.0,-121.55000000000109
724,2021-05-17 09:30:00,14733.2,2021-05-19 11:30:00,15071.25,338.0499999999993,0.0,0.0,0.0,338.0499999999993
725,2021-05-21 09:45:00,15040.65,2021-05-25 13:30:00,15216.75,176.10000000000036,0.0,0.0,0.0,176.10000000000036
726,2021-05-26 10:15:00,15242.4,2021-05-27 14:30:00,15292.25,49.850000000000364,0.0,0.0,0.0,49.850000000000364
727,2021-05-28 09:30:00,15434.45,2021-06-01 11:15:00,15556.35,121.89999999999964,0.0,0.0,0.0,121.89999999999964
728,2021-06-02 15:00:00,15557.2,2021-06-03 13:30:00,15630.5,73.29999999999927,0.0,0.0,0.0,73.29999999999927
729,2021-06-03 15:15:00,15695.65,2021-06-04 11:30:00,15653.4,-42.25,0.0,0.0,0.0,-42.25
730,2021-06-07 09:30:00,15700.9,2021-06-08 12:00:00,15717.65,16.75,0.0,0.0,0.0,16.75
731,2021-06-08 15:00:00,15747.4,2021-06-09 14:30:00,15642.7,-104.69999999999891,0.0,0.0,0.0,-104.69999999999891
732,2021-06-10 09:45:00,15700.05,2021-06-11 12:15:00,15753.85,53.80000000000109,0.0,0.0,0.0,53.80000000000109
733,2021-06-14 13:00:00,15744.65,2021-06-16 09:15:00,15847.5,102.85000000000036,0.0,0.0,0.0,102.85000000000036
734,2021-06-16 14:30:00,15824.1,2021-06-17 09:15:00,15648.3,-175.8000000000011,0.0,0.0,0.0,-175.8000000000011
735,2021-06-18 09:30:00,15729.1,2021-06-18 10:30:00,15560.2,-168.89999999999964,0.0,0.0,0.0,-168.89999999999964
736,2021-06-18 14:30:00,15661.75,2021-06-22 14:00:00,15814.15,152.39999999999964,0.0,0.0,0.0,152.39999999999964
737,2021-06-24 10:45:00,15755.95,2021-06-28 12:00:00,15834.35,78.39999999999964,0.0,0.0,0.0,78.39999999999964
738,2021-06-30 10:00:00,15793.75,2021-06-30 14:30:00,15762.55,-31.200000000000728,0.0,0.0,0.0,-31.200000000000728
739,2021-07-02 12:30:00,15683.3,2021-07-06 14:45:00,15847.7,164.40000000000146,0.0,0.0,0.0,164.40000000000146
740,2021-07-07 14:15:00,15854.6,2021-07-08 11:45:00,15819.45,-35.149999999999636,0.0,0.0,0.0,-35.149999999999636
741,2021-07-12 09:15:00,15766.8,2021-07-12 13:15:00,15701.7,-65.09999999999854,0.0,0.0,0.0,-65.09999999999854
742,2021-07-13 09:30:00,15763.9,2021-07-16 12:15:00,15909.15,145.25,0.0,0.0,0.0,145.25
743,2021-07-20 13:15:00,15670.35,2021-07-22 09:15:00,15736.6,66.25,0.0,0.0,0.0,66.25
744,2021-07-22 09:30:00,15757.2,2021-07-22 14:45:00,15776.8,19.599999999998545,0.0,0.0,0.0,19.599999999998545
745,2021-07-23 09:30:00,15853.85,2021-07-26 14:00:00,15844.75,-9.100000000000364,0.0,0.0,0.0,-9.100000000000364
746,2021-07-27 10:30:00,15876.0,2021-07-27 11:30:00,15834.3,-41.70000000000073,0.0,0.0,0.0,-41.70000000000073
747,2021-07-28 13:15:00,15666.05,2021-07-30 15:15:00,15749.05,83.0,0.0,0.0,0.0,83.0
748,2021-08-02 10:45:00,15862.4,2021-08-04 12:00:00,16213.05,350.64999999999964,0.0,0.0,0.0,350.64999999999964
749,2021-08-04 14:30:00,16278.9,2021-08-06 11:45:00,16241.3,-37.600000000000364,0.0,0.0,0.0,-37.600000000000364
750,2021-08-09 10:00:00,16312.1,2021-08-09 12:30:00,16235.35,-76.75,0.0,0.0,0.0,-76.75
751,2021-08-10 09:30:00,16317.8,2021-08-10 14:00:00,16279.3,-38.5,0.0,0.0,0.0,-38.5
752,2021-08-11 13:30:00,16251.55,2021-08-17 12:15:00,16525.8,274.25,0.0,0.0,0.0,274.25
753,2021-08-17 14:15:00,16576.25,2021-08-18 12:15:00,16640.15,63.900000000001455,0.0,0.0,0.0,63.900000000001455
754,2021-08-23 09:30:00,16549.2,2021-08-25 14:45:00,16630.7,81.5,0.0,0.0,0.0,81.5
755,2021-08-27 11:15:00,16667.2,2021-09-01 12:00:00,17087.85,420.6499999999978,0.0,0.0,0.0,420.6499999999978
756,2021-09-02 11:00:00,17140.85,2021-09-06 11:45:00,17355.05,214.20000000000073,0.0,0.0,0.0,214.20000000000073
757,2021-09-07 12:30:00,17409.3,2021-09-08 09:15:00,17375.75,-33.54999999999927,0.0,0.0,0.0,-33.54999999999927
758,2021-09-09 09:15:00,17312.85,2021-09-13 10:15:00,17286.55,-26.299999999999272,0.0,0.0,0.0,-26.299999999999272
759,2021-09-13 11:45:00,17327.8,2021-09-14 13:00:00,17395.05,67.25,0.0,0.0,0.0,67.25
760,2021-09-15 10:00:00,17436.8,2021-09-17 12:15:00,17620.85,184.04999999999927,0.0,0.0,0.0,184.04999999999927
761,2021-09-20 11:15:00,17610.1,2021-09-20 13:45:00,17502.4,-107.69999999999709,0.0,0.0,0.0,-107.69999999999709
762,2021-09-21 13:15:00,17454.3,2021-09-24 12:45:00,17864.4,410.1000000000022,0.0,0.0,0.0,410.1000000000022
763,2021-09-27 09:45:00,17939.95,2021-09-27 11:45:00,17811.4,-128.54999999999927,0.0,0.0,0.0,-128.54999999999927
764,2021-09-27 13:00:00,17872.0,2021-09-28 11:00:00,17812.6,-59.400000000001455,0.0,0.0,0.0,-59.400000000001455
765,2021-09-29 13:30:00,17719.65,2021-09-30 10:30:00,17691.7,-27.950000000000728,0.0,0.0,0.0,-27.950000000000728
766,2021-10-01 15:15:00,17532.3,2021-10-04 12:30:00,17659.6,127.29999999999927,0.0,0.0,0.0,127.29999999999927
767,2021-10-05 12:45:00,17731.4,2021-10-06 14:30:00,17711.05,-20.350000000002183,0.0,0.0,0.0,-20.350000000002183
768,2021-10-07 09:45:00,17817.75,2021-10-07 15:15:00,17790.75,-27.0,0.0,0.0,0.0,-27.0
769,2021-10-08 10:00:00,17887.35,2021-10-11 15:15:00,17951.05,63.70000000000073,0.0,0.0,0.0,63.70000000000073
770,2021-10-12 14:30:00,17975.7,2021-10-14 13:30:00,18261.5,285.7999999999993,0.0,0.0,0.0,285.7999999999993
771,2021-10-14 15:00:00,18330.65,2021-10-19 15:00:00,18486.85,156.1999999999971,0.0,0.0,0.0,156.1999999999971
772,2021-10-21 09:30:00,18292.6,2021-10-21 11:00:00,18143.65,-148.9499999999971,0.0,0.0,0.0,-148.9499999999971
773,2021-10-22 09:15:00,18230.7,2021-10-22 12:15:00,18145.6,-85.10000000000218,0.0,0.0,0.0,-85.10000000000218
774,2021-10-25 11:15:00,18116.6,2021-10-26 11:00:00,18150.8,34.20000000000073,0.0,0.0,0.0,34.20000000000073
775,2021-10-26 13:45:00,18230.6,2021-10-27 14:45:00,18221.0,-9.599999999998545,0.0,0.0,0.0,-9.599999999998545
776,2021-11-01 12:30:00,17794.5,2021-11-03 12:15:00,17897.3,102.79999999999927,0.0,0.0,0.0,102.79999999999927
777,2021-11-08 11:15:00,17918.1,2021-11-09 15:00:00,18005.15,87.05000000000291,0.0,0.0,0.0,87.05000000000291
778,2021-11-10 14:15:00,18049.95,2021-11-11 09:30:00,17935.25,-114.70000000000073,0.0,0.0,0.0,-114.70000000000073
779,2021-11-12 09:30:00,17981.15,2021-11-15 11:45:00,18102.95,121.79999999999927,0.0,0.0,0.0,121.79999999999927
780,2021-11-16 13:00:00,18089.85,2021-11-16 15:15:00,18002.3,-87.54999999999927,0.0,0.0,0.0,-87.54999999999927
781,2021-11-18 15:00:00,17820.0,2021-11-22 10:30:00,17602.75,-217.25,0.0,0.0,0.0,-217.25
782,2021-11-23 12:00:00,17452.35,2021-11-24 14:30:00,17510.6,58.25,0.0,0.0,0.0,58.25
783,2021-11-25 11:30:00,17489.9,2021-11-26 09:30:00,17296.85,-193.0500000000029,0.0,0.0,0.0,-193.0500000000029
784,2021-11-29 12:15:00,17154.55,2021-11-29 15:15:00,17053.55,-101.0,0.0,0.0,0.0,-101.0
785,2021-11-30 09:45:00,17246.65,2021-11-30 11:30:00,17104.75,-141.90000000000146,0.0,0.0,0.0,-141.90000000000146
786,2021-12-01 10:45:00,17156.75,2021-12-01 14:15:00,17089.9,-66.84999999999854,0.0,0.0,0.0,-66.84999999999854
787,2021-12-02 09:15:00,17183.2,2021-12-03 12:45:00,17315.95,132.75,0.0,0.0,0.0,132.75
788,2021-12-07 10:00:00,17088.35,2021-12-09 10:30:00,17384.2,295.8500000000022,0.0,0.0,0.0,295.8500000000022
789,2021-12-09 12:45:00,17496.45,2021-12-10 11:15:00,17461.1,-35.35000000000218,0.0,0.0,0.0,-35.35000000000218
790,2021-12-10 14:30:00,17476.25,2021-12-13 11:15:00,17567.4,91.15000000000146,0.0,0.0,0.0,91.15000000000146
791,2021-12-14 12:15:00,17339.7,2021-12-15 10:45:00,17208.35,-131.35000000000218,0.0,0.0,0.0,-131.35000000000218
792,2021-12-15 14:15:00,17282.9,2021-12-16 12:15:00,17220.85,-62.05000000000291,0.0,0.0,0.0,-62.05000000000291
793,2021-12-17 14:00:00,17093.95,2021-12-17 15:00:00,16988.75,-105.20000000000073,0.0,0.0,0.0,-105.20000000000073
794,2021-12-20 15:15:00,16619.1,2021-12-21 14:15:00,16792.85,173.75,0.0,0.0,0.0,173.75
795,2021-12-22 11:00:00,16867.3,2021-12-24 10:15:00,16944.7,77.40000000000146,0.0,0.0,0.0,77.40000000000146
796,2021-12-24 14:00:00,17010.55,2021-12-27 09:30:00,16939.0,-71.54999999999927,0.0,0.0,0.0,-71.54999999999927
797,2021-12-27 12:00:00,17021.0,2021-12-29 11:45:00,17216.65,195.65000000000146,0.0,0.0,0.0,195.65000000000146
798,2021-12-29 14:15:00,17244.85,2021-12-30 15:00:00,17204.5,-40.349999999998545,0.0,0.0,0.0,-40.349999999998545
799,2021-12-31 09:45:00,17340.15,2021-12-31 15:15:00,17351.4,11.25,0.0,0.0,0.0,11.25
800,2022-01-03 10:00:00,17496.3,2022-01-06 09:30:00,17723.25,226.95000000000073,0.0,0.0,0.0,226.95000000000073
801,2022-01-06 14:30:00,17774.15,2022-01-07 12:00:00,17803.5,29.349999999998545,0.0,0.0,0.0,29.349999999998545
